code,label,n_conditions,features_used,axes_used,n_axes,n_pairs,prevalence,mort_t,mort_c,diff,ci_lo,ci_hi,p_perm,score,hb_mean,hb_p50,q_fdr,diff_pp,ci_lo_pp,ci_hi_pp,abs_diff_pp,robust,signature,stability
R1-284,alkaline_phosphatase_max > q0.35 (75) AND lactate_slope > q0.65 (0.0002952),2,"alkaline_phosphatase_max,lactate_slope","other,perfusion",2,654,0.05167917819043856,0.672782874617737,0.40672782874617736,0.26605504587155965,0.21399221018012105,0.31811788156299825,1.2947981238729066e-23,73.48253490306263,7.928746177370032,7.5,1.9582344507073948e-23,26.605504587155966,21.399221018012106,31.811788156299826,26.605504587155966,True,harm | alkaline_phosphatase > ; lactate >,1.0
R8-508,alkaline_phosphatase_mean > q0.65 (75) AND sapsii_min > q0.65 (43),2,"alkaline_phosphatase_mean,sapsii_min","other,severity",2,1129,0.08921374950612407,0.7139061116031886,0.4552701505757307,0.2586359610274579,0.2194080459151221,0.2978638761397937,3.3562524393227595e-38,93.85548018266628,7.61452612931798,7.2,1.059676872513446e-37,25.863596102745788,21.94080459151221,29.78638761397937,25.863596102745788,True,harm | alkaline_phosphatase > ; sapsii >,1.0
R132-169,creatinine_max > q0.80 (1.6) AND dbp_median <= q0.20 (52),2,"creatinine_max,dbp_median","organ_failure,perfusion",2,913,0.07214539707625445,0.6746987951807228,0.4315443592552026,0.24315443592552022,0.19893114966531394,0.2873777221857265,4.433375332389081e-27,79.34897867150084,7.73329682365827,7.3,7.745053291523093e-27,24.315443592552022,19.893114966531396,28.737772218572648,24.315443592552022,True,harm | creatinine > ; dbp <=,1.0
R7-125,alkaline_phosphatase_mean > q0.50 (75) AND ck_total_std > q0.65 (0),2,"alkaline_phosphatase_mean,ck_total_std","other,other",1,831,0.06566574476491506,0.6823104693140795,0.43922984356197353,0.24308062575210593,0.1968128281964528,0.28934842330775906,7.2391319359107635e-25,70.073023626732,7.780024067388689,7.5,1.141570560855966e-24,24.30806257521059,19.68128281964528,28.934842330775908,24.30806257521059,True,harm | alkaline_phosphatase > ; ck_total >,1.0
R132-284,creatinine_max > q0.80 (1.6) AND lactate_slope > q0.65 (0.0002952),2,"creatinine_max,lactate_slope","organ_failure,perfusion",2,753,0.059502173054128804,0.649402390438247,0.4169986719787517,0.2324037184594953,0.1833951449108826,0.281412292008108,1.478684587531826e-20,68.87542886396584,8.020982735723772,7.5,2.0556976528486554e-20,23.240371845949532,18.33951449108826,28.141229200810802,23.240371845949532,True,harm | creatinine > ; lactate >,1.0
R6-98,alkaline_phosphatase_mean > q0.35 (75) AND bilirubin_total_slope > q0.35 (0),2,"alkaline_phosphatase_mean,bilirubin_total_slope","other,organ_failure",2,1067,0.08431450019755038,0.669165885660731,0.4423617619493908,0.22680412371134018,0.18575300777209366,0.2678552396505867,2.5131105632536643e-27,80.0123289468889,7.813870665417057,7.4,4.433102575082498e-27,22.680412371134018,18.575300777209367,26.785523965058673,22.680412371134018,True,harm | alkaline_phosphatase > ; bilirubin_total >,1.0
R7-351,alkaline_phosphatase_mean > q0.50 (75) AND mbp_median <= q0.35 (73),2,"alkaline_phosphatase_mean,mbp_median","other,perfusion",2,1194,0.0943500592651126,0.6750418760469011,0.4564489112227806,0.21859296482412055,0.17981117680426117,0.2573747528439799,2.2537820307729154e-28,81.5759423596154,7.564740368509212,7.2,4.155097195957696e-28,21.859296482412056,17.981117680426117,25.73747528439799,21.859296482412056,True,harm | alkaline_phosphatase > ; mbp <=,1.0
R132-261,creatinine_max > q0.80 (1.6) AND hemoglobin_slope <= q0.35 (-0.006063),2,"creatinine_max,hemoglobin_slope","organ_failure,anemia",2,803,0.06345318056104307,0.589041095890411,0.3711083437110834,0.21793275217932756,0.17023974976781706,0.2656257545908381,3.36052106743598e-19,66.69665162123535,7.537359900373598,7.3,4.479664948547158e-19,21.793275217932756,17.023974976781705,26.56257545908381,21.793275217932756,True,harm | creatinine > ; hemoglobin <=,1.0
R132-351,creatinine_max > q0.80 (1.6) AND mbp_median <= q0.35 (73),2,"creatinine_max,mbp_median","organ_failure,perfusion",2,1379,0.10896878704069538,0.659173313995649,0.444525018129079,0.21464829586657003,0.17840275654956728,0.2508938351835728,3.786425119974352e-31,86.08615951500865,7.730166787527195,7.3,7.8657828423535964e-31,21.464829586657004,17.840275654956727,25.089383518357277,21.464829586657004,True,harm | creatinine > ; mbp <=,1.0
R0-437,alkaline_phosphatase_max > q0.20 (75) AND pt_mean > q0.80 (15.35),2,"alkaline_phosphatase_max,pt_mean","other,organ_failure",2,1053,0.08320821809561438,0.671415004748338,0.45963912630579296,0.21177587844254508,0.17041186192290042,0.25313989496218975,1.0714779995531731e-23,74.21888625493564,7.663912630579298,7.3,1.6234515144745048e-23,21.177587844254507,17.04118619229004,25.313989496218976,21.177587844254507,True,harm | alkaline_phosphatase > ; pt >,1.0
R9-165,alkaline_phosphatase_mean > q0.80 (75) AND dbp_mean <= q0.20 (54.43),2,"alkaline_phosphatase_mean,dbp_mean","other,perfusion",2,671,0.05302252074278941,0.6706408345752608,0.45901639344262296,0.21162444113263784,0.15979521056706003,0.26345367169821565,1.2152728940825358e-15,59.203971349453795,7.5794336810730245,7.2,1.5073958053205108e-15,21.162444113263785,15.979521056706004,26.345367169821564,21.162444113263785,True,harm | alkaline_phosphatase > ; dbp <=,1.0
R9-570,alkaline_phosphatase_mean > q0.80 (75) AND sofa_mean > q0.80 (6.339),2,"alkaline_phosphatase_mean,sofa_mean","other,severity",2,935,0.07388384037929673,0.6909090909090909,0.4802139037433155,0.2106951871657754,0.16707205612265053,0.2543183182089003,2.891111552676563e-21,69.57996023504298,7.621497326203209,7.2,4.067049964958541e-21,21.06951871657754,16.707205612265053,25.43183182089003,21.06951871657754,True,harm | alkaline_phosphatase > ; sofa >,1.0
R271-634,lactate_max > q0.65 (2.3) AND urea_mean > q0.80 (28.34),2,"lactate_max,urea_mean","perfusion,organ_failure",2,818,0.06463848281311735,0.6723716381418093,0.4621026894865526,0.21026894865525675,0.16334471171941575,0.2571931855910978,1.5942581406312256e-18,64.94946088642811,7.675672371638141,7.3,2.0977080797779286e-18,21.026894865525676,16.334471171941576,25.719318559109777,21.026894865525676,True,harm | lactate > ; urea >,1.0
R5-647,alkaline_phosphatase_mean > q0.20 (75) AND urea_std > q0.65 (2.813),2,"alkaline_phosphatase_mean,urea_std","other,organ_failure",2,1390,0.10983800869221652,0.6611510791366907,0.45323741007194246,0.20791366906474823,0.1718019884292132,0.24402534970028325,1.5610912125879632e-29,83.71710430943511,7.543165467625899,7.2,3.018109677670062e-29,20.791366906474824,17.18019884292132,24.402534970028324,20.791366906474824,True,harm | alkaline_phosphatase > ; urea >,1.0
R132-496,creatinine_max > q0.80 (1.6) AND sapsii_max > q0.65 (43),2,"creatinine_max,sapsii_max","organ_failure,severity",2,1525,0.12050572896088503,0.6629508196721311,0.45901639344262296,0.20393442622950814,0.16946094822867225,0.23840790423034403,4.3812586931076525e-31,86.01005446372218,7.7545573770491805,7.4,9.078706831019787e-31,20.393442622950815,16.946094822867224,23.840790423034402,20.393442622950815,True,harm | creatinine > ; sapsii >,1.0
R132-437,creatinine_max > q0.80 (1.6) AND pt_mean > q0.80 (15.35),2,"creatinine_max,pt_mean","organ_failure,organ_failure",1,979,0.07736072698538127,0.6710929519918284,0.46782431052093976,0.20326864147088863,0.16033761493094278,0.24619966801083448,1.692337984520915e-20,63.600675824008995,7.703370786516854,7.4,2.3431750561521385e-20,20.326864147088862,16.03376149309428,24.61996680108345,20.326864147088862,True,harm | creatinine > ; pt >,1.0
R6-131,alkaline_phosphatase_mean > q0.35 (75) AND creatinine_max > q0.65 (1.1),2,"alkaline_phosphatase_mean,creatinine_max","other,organ_failure",2,1383,0.10928486764124852,0.6681127982646421,0.4692697035430224,0.1988430947216197,0.16268043880027033,0.23500575064296908,4.410704402496021e-27,79.86295202589669,7.532827187274043,7.2,7.71009208392915e-27,19.88430947216197,16.268043880027033,23.500575064296907,19.88430947216197,True,harm | alkaline_phosphatase > ; creatinine >,1.0
R7-314,alkaline_phosphatase_mean > q0.50 (75) AND ldh_std > q0.80 (5.731),2,"alkaline_phosphatase_mean,ldh_std","other,other",1,1344,0.1062030817858554,0.6473214285714286,0.45461309523809523,0.19270833333333337,0.1558133140255038,0.22960335264116294,1.3483832739731244e-24,70.64804196390254,7.480729166666667,7.1,2.098369463118895e-24,19.270833333333336,15.58133140255038,22.960335264116296,19.270833333333336,True,harm | alkaline_phosphatase > ; ldh >,1.0
R132-648,creatinine_max > q0.80 (1.6) AND urea_std > q0.80 (5.561),2,"creatinine_max,urea_std","organ_failure,organ_failure",1,1667,0.13172659028052153,0.617876424715057,0.4277144571085783,0.1901619676064787,0.15687251868838628,0.2234514165245711,4.252933557392619e-29,77.6410611282804,7.6875824835032995,7.3,8.12484012940619e-29,19.01619676064787,15.687251868838628,22.34514165245711,19.01619676064787,True,harm | creatinine > ; urea >,1.0
R0-364,alkaline_phosphatase_max > q0.20 (75) AND nee_mcgkgmin_mean > q0.65 (0.0006669),2,"alkaline_phosphatase_max,nee_mcgkgmin_mean","other,perfusion",2,902,0.0712761754247333,0.656319290465632,0.46895787139689576,0.1873614190687362,0.14240238478012113,0.2323204533573513,3.133712022945725e-16,60.77251245842959,7.733813747228381,7.3,3.9281456090523464e-16,18.73614190687362,14.240238478012113,23.23204533573513,18.73614190687362,True,harm | alkaline_phosphatase > ; nee_mcgkgmin >,1.0
R7-405,alkaline_phosphatase_mean > q0.50 (75) AND platelets_min <= q0.35 (130),2,"alkaline_phosphatase_mean,platelets_min","other,organ_failure",2,1032,0.08154879494271039,0.6472868217054264,0.46027131782945735,0.18701550387596905,0.1448893650214491,0.22914164273048898,3.2822613569768152e-18,64.88453787932805,7.584496124031007,7.2,4.2934406563972775e-18,18.701550387596903,14.488936502144911,22.914164273048897,18.701550387596903,True,harm | alkaline_phosphatase > ; platelets <=,1.0
R8-52,alkaline_phosphatase_mean > q0.65 (75) AND any_vasopressor_std > q0.65 (0.1169),2,"alkaline_phosphatase_mean,any_vasopressor_std","other,perfusion",2,830,0.06558672461477677,0.6626506024096386,0.4771084337349398,0.1855421686746988,0.1387517291340942,0.2323326082153034,7.716061713378622e-15,57.73051478507184,7.711204819277109,7.3,9.348894492917485e-15,18.55421686746988,13.87517291340942,23.23326082153034,18.55421686746988,True,harm | alkaline_phosphatase > ; any_vasopressor >,1.0
R132-364,creatinine_max > q0.80 (1.6) AND nee_mcgkgmin_mean > q0.65 (0.0006669),2,"creatinine_max,nee_mcgkgmin_mean","organ_failure,perfusion",2,1040,0.08218095614381667,0.6230769230769231,0.4394230769230769,0.18365384615384617,0.1414944562834457,0.22581323602424663,1.3643416350698741e-17,63.96471262765482,7.81875,7.4,1.758094086515279e-17,18.365384615384617,14.14944562834457,22.581323602424664,18.365384615384617,True,harm | creatinine > ; nee_mcgkgmin >,1.0
R132-570,creatinine_max > q0.80 (1.6) AND sofa_mean > q0.80 (6.339),2,"creatinine_max,sofa_mean","organ_failure,severity",2,1209,0.09553536151718688,0.6451612903225806,0.46484698097601324,0.1803143093465674,0.14135447367614962,0.21927414501698517,1.176139763003939e-19,67.71222716168793,7.661621174524401,7.3,1.592717867247921e-19,18.03143093465674,14.135447367614962,21.927414501698518,18.03143093465674,True,harm | creatinine > ; sofa >,1.0
R132-480,creatinine_max > q0.80 (1.6) AND resp_rate_median > q0.65 (18.5),2,"creatinine_max,resp_rate_median","organ_failure,respiratory",2,1344,0.1062030817858554,0.6361607142857143,0.4568452380952381,0.17931547619047622,0.14229047464212147,0.21634047773883097,2.2564595999238716e-21,70.99719058828013,7.573511904761904,7.2,3.1881767794295872e-21,17.93154761904762,14.229047464212147,21.634047773883097,17.93154761904762,True,harm | creatinine > ; resp_rate >,1.0
R288-479,lactate_std > q0.65 (0.3523) AND resp_rate_mean > q0.80 (21.22),2,"lactate_std,resp_rate_mean","perfusion,respiratory",2,761,0.06013433425523509,0.621550591327201,0.442838370565046,0.17871222076215504,0.12938707917481007,0.2280373623495,1.2352849423621052e-12,53.24395840317374,7.856504599211564,7.5,1.4529816803285764e-12,17.871222076215503,12.938707917481008,22.80373623495,17.871222076215503,True,harm | lactate > ; resp_rate >,1.0
R132-408,creatinine_max > q0.80 (1.6) AND platelets_slope <= q0.35 (-0.07924),2,"creatinine_max,platelets_slope","organ_failure,organ_failure",1,771,0.06092453575661794,0.5680933852140078,0.39169909208819714,0.17639429312581062,0.12730493128271236,0.22548365496890888,1.8824224299005505e-12,48.979203612462136,7.76277561608301,7.3,2.209237169854956e-12,17.63942931258106,12.730493128271236,22.548365496890888,17.63942931258106,True,harm | creatinine > ; platelets <=,1.0
R9-76,alkaline_phosphatase_mean > q0.80 (75) AND ast_std > q0.50 (0),2,"alkaline_phosphatase_mean,ast_std","other,other",1,2037,0.16096404583168708,0.6146293568973982,0.43888070692194403,0.17574864997545414,0.1455637245741158,0.2059335753767925,3.6467486801614115e-30,79.32087788924969,7.675797741777123,7.3,7.293497360322823e-30,17.574864997545415,14.556372457411578,20.59335753767925,17.574864997545415,True,harm | alkaline_phosphatase > ; ast >,1.0
R9-35,alkaline_phosphatase_mean > q0.80 (75) AND alt_std > q0.20 (0),2,"alkaline_phosphatase_mean,alt_std","other,other",1,2030,0.1604109047807191,0.6118226600985222,0.43940886699507387,0.1724137931034483,0.14215497650737052,0.20267260969952605,5.847045486600745e-29,77.68193328323318,7.688177339901478,7.3,1.1079014643020034e-28,17.24137931034483,14.215497650737053,20.267260969952606,17.24137931034483,True,harm | alkaline_phosphatase > ; alt >,1.0
R132-225,creatinine_max > q0.80 (1.6) AND heart_rate_max <= q0.35 (87),2,"creatinine_max,heart_rate_max","organ_failure,perfusion",2,655,0.05175819834057685,0.5679389312977099,0.4015267175572519,0.166412213740458,0.11304017390860194,0.21978425357231407,9.887628157805095e-10,45.997010191586206,7.899541984732824,7.5,1.1224944864996976e-09,16.6412213740458,11.304017390860194,21.97842535723141,16.6412213740458,True,harm | creatinine > ; heart_rate <=,1.0
R132-375,creatinine_max > q0.80 (1.6) AND phosphorus_mean > q0.50 (3.5),2,"creatinine_max,phosphorus_mean","organ_failure,other",2,1865,0.14737258000790202,0.606970509383378,0.4407506702412869,0.16621983914209115,0.13461100429967343,0.19782867398450887,6.554420708417824e-25,77.52575979398968,7.744932975871313,7.3,1.0463980211622179e-24,16.621983914209114,13.461100429967344,19.782867398450886,16.621983914209114,True,harm | creatinine > ; phosphorus >,1.0
R1-374,alkaline_phosphatase_max > q0.35 (75) AND phosphorus_mean > q0.35 (3.5),2,"alkaline_phosphatase_max,phosphorus_mean","other,other",1,1359,0.10738838403792968,0.6210448859455482,0.4554819720382634,0.16556291390728478,0.12859844093502507,0.2025273868795445,1.6524410242490195e-18,61.034134407836966,7.642384105960265,7.3,2.1713090033176967e-18,16.55629139072848,12.859844093502506,20.252738687954448,16.55629139072848,True,harm | alkaline_phosphatase > ; phosphorus >,1.0
R132-603,creatinine_max > q0.80 (1.6) AND spo2_slope > q0.65 (0.001268),2,"creatinine_max,spo2_slope","organ_failure,respiratory",2,693,0.05476096404583169,0.556998556998557,0.3924963924963925,0.16450216450216454,0.11264040737163497,0.2163639216326941,5.067685404915939e-10,46.769420579035426,7.9326118326118324,7.5,5.764380338990477e-10,16.450216450216455,11.264040737163498,21.63639216326941,16.450216450216455,True,harm | creatinine > ; spo2 >,1.0
R288-299,lactate_std > q0.65 (0.3523) AND ldh_mean > q0.80 (187.9),2,"lactate_std,ldh_mean","perfusion,other",2,907,0.07167127617542474,0.6141124586549063,0.45093715545755236,0.1631753031973539,0.11787185905131217,0.20847874734339564,1.6699848895936183e-12,53.07400088565988,7.794707828004411,7.4,1.961902442706702e-12,16.31753031973539,11.787185905131217,20.847874734339563,16.31753031973539,True,harm | lactate > ; ldh >,1.0
R132-310,creatinine_max > q0.80 (1.6) AND ldh_std > q0.20 (0),2,"creatinine_max,ldh_std","organ_failure,other",2,1174,0.0927696562623469,0.641396933560477,0.4787052810902896,0.1626916524701874,0.12307839750779287,0.20230490743258195,8.298318375151302e-16,60.20368493478974,7.521890971039183,7.1,1.031952113547975e-15,16.26916524701874,12.307839750779287,20.230490743258194,16.26916524701874,True,harm | creatinine > ; ldh >,1.0
R1-480,alkaline_phosphatase_max > q0.35 (75) AND resp_rate_median > q0.65 (18.5),2,"alkaline_phosphatase_max,resp_rate_median","other,respiratory",2,1435,0.11339391544843935,0.6188153310104529,0.4627177700348432,0.15609756097560973,0.12008335427324045,0.192111767677979,1.9743510084394042e-17,63.862486412069075,7.490034843205575,7.1,2.5301007178410393e-17,15.609756097560973,12.008335427324045,19.211176767797898,15.609756097560973,True,harm | alkaline_phosphatase > ; resp_rate >,1.0
R9-482,alkaline_phosphatase_mean > q0.80 (75) AND resp_rate_min <= q0.20 (11),2,"alkaline_phosphatase_mean,resp_rate_min","other,respiratory",2,655,0.05175819834057685,0.601526717557252,0.45038167938931295,0.151145038167939,0.09768828380607125,0.20460179252980676,2.994538431766046e-08,41.77710099969759,7.711755725190839,7.3,3.349078847713665e-08,15.114503816793901,9.768828380607125,20.460179252980677,15.114503816793901,True,harm | alkaline_phosphatase > ; resp_rate <=,1.0
