sign,bases,n_rules,n_pairs_union,diff_med_pp,diff_min_pp,diff_max_pp,dominant_k2,dominant_k2_pct,dominant_k3,dominant_k3_pct,k2_c0_pct,k2_c0_enrich_pp,k2_c1_pct,k2_c1_enrich_pp,k3_c0_pct,k3_c0_enrich_pp,k3_c1_pct,k3_c1_enrich_pp,k3_c2_pct,k3_c2_enrich_pp,k2_most_enriched_cluster,k2_most_enriched_pp,k3_most_enriched_cluster,k3_most_enriched_pp
benefit,dbp + hemoglobin + spo2,4,1896,-26.29162564063723,-29.770387965162318,-24.73811442385173,c0,100.0,c2,100.0,100.0,25.19952587909917,0.0,-25.19952587909917,0.0,-1.28802844725405,0.0,-25.31015408929277,100.0,26.598182536546815,c0,25.19952587909917,c2,26.598182536546815
benefit,dbp + platelets + spo2,4,1875,-26.016219118168564,-28.814872192099152,-24.63054187192118,c0,99.77558348294434,c2,99.77558348294434,99.77558348294434,24.97510936204351,0.2244165170556553,-24.975109362043515,0.0,-1.28802844725405,0.2244165170556553,-25.085737572237115,99.77558348294434,26.373766019491157,c0,24.97510936204351,c2,26.373766019491157
benefit,dbp + hemoglobin + mbp,4,1860,-27.60781918898339,-29.809523809523807,-27.096057745696832,c0,100.0,c2,100.0,100.0,25.19952587909917,0.0,-25.19952587909917,0.0,-1.28802844725405,0.0,-25.31015408929277,100.0,26.598182536546815,c0,25.19952587909917,c2,26.598182536546815
benefit,dbp + platelets + resp rate,4,1806,-28.349589540325923,-29.20353982300885,-26.7379679144385,c0,99.71857410881802,c2,99.71857410881802,99.71857410881802,24.918099987917188,0.28142589118198874,-24.91809998791718,0.0,-1.28802844725405,0.28142589118198874,-25.02872819811078,99.71857410881802,26.316756645364833,c0,24.918099987917188,c2,26.316756645364833
benefit,dbp + platelets + temperature,4,1282,-24.608302666134062,-26.53810835629018,-23.87459807073955,c0,99.73172367538564,c2,99.73172367538564,99.73172367538564,24.931249554484808,0.2682763246143528,-24.93124955448482,0.0,-1.28802844725405,0.2682763246143528,-25.041877764678418,99.73172367538564,26.329906211932453,c0,24.931249554484808,c2,26.329906211932453
benefit,dbp + glucose lab + spo2,3,2386,-20.827456511518573,-22.25219150370869,-19.47261663286004,c0,100.0,c2,95.78030810448762,100.0,25.19952587909917,0.0,-25.19952587909917,4.219691895512391,2.9316634482583415,0.0,-25.31015408929277,95.78030810448762,22.378490641034432,c0,25.19952587909917,c2,22.378490641034432
benefit,dbp + mbp,2,3336,-16.637680167736733,-16.827503015681543,-16.447857319791925,c0,95.46218487394958,c2,92.62905162064826,95.46218487394958,20.66171075304875,4.53781512605042,-20.66171075304875,2.8331332533013205,1.5451048060472705,4.53781512605042,-20.772338963242348,92.62905162064826,19.22723415719507,c0,20.66171075304875,c2,19.22723415719507
benefit,dbp + heart rate,2,2758,-18.421981930484765,-19.238095238095244,-17.605868622874286,c0,98.77408056042032,c2,96.20548744892002,98.77408056042032,23.973606439519486,1.2259194395796849,-23.973606439519486,2.568593111500292,1.280564664246242,1.2259194395796849,-24.084234649713085,96.20548744892002,22.80366998546684,c0,23.973606439519486,c2,22.80366998546684
benefit,dbp + glucose lab,2,2756,-18.60662375271312,-18.674105677715787,-18.53914182771045,c0,99.88610478359908,c2,96.29840546697038,99.88610478359908,25.08563066269825,0.11389521640091116,-25.085630662698257,3.5876993166287017,2.2996708693746517,0.11389521640091116,-25.196258872891857,96.29840546697038,22.896588003517195,c0,25.08563066269825,c2,22.896588003517195
benefit,dbp + resp rate,2,2625,-18.322388094047295,-19.03939184519696,-17.60538434289763,c0,99.48075748320097,c2,96.09040928527794,99.48075748320097,24.680283362300145,0.5192425167990227,-24.68028336230015,3.39034819792303,2.10231975066898,0.5192425167990227,-24.790911572493748,96.09040928527794,22.688591821824758,c0,24.680283362300145,c2,22.688591821824758
benefit,dbp + glucose lab + mbp,2,2401,-19.774165480145545,-19.92248062015504,-19.62585034013605,c0,99.89996665555185,c2,95.96532177392464,99.89996665555185,25.09949253465102,0.10003334444814939,-25.09949253465102,3.934644881627209,2.646616434373159,0.10003334444814939,-25.21012074484462,95.96532177392464,22.56350431047146,c0,25.09949253465102,c2,22.56350431047146
benefit,dbp + lactate,2,2281,-22.163708801158997,-23.19610447100487,-21.131313131313128,c0,97.24537876042044,c2,97.20913374411019,97.24537876042044,22.444904639519606,2.7546212395795577,-22.444904639519613,0.0,-1.28802844725405,2.790866255889815,-22.519287833402956,97.20913374411019,23.807316280657005,c0,22.444904639519606,c2,23.807316280657005
benefit,glucose lab + heart rate + spo2,2,2204,-21.708192666513177,-22.48394004282655,-20.93244529019981,c0,99.78142076502732,c2,95.95628415300547,99.78142076502732,24.98094664412649,0.2185792349726776,-24.980946644126494,3.825136612021858,2.537108164767808,0.2185792349726776,-25.091574854320093,95.95628415300547,22.554466689552285,c0,24.98094664412649,c2,22.554466689552285
benefit,dbp + platelets,2,2185,-23.56466913332642,-23.98884239888424,-23.1404958677686,c0,99.08918406072105,c2,99.08918406072105,99.08918406072105,24.288709939820222,0.9108159392789373,-24.288709939820233,0.0,-1.28802844725405,0.9108159392789373,-24.399338150013833,99.08918406072105,25.687366597267868,c0,24.288709939820222,c2,25.687366597267868
benefit,dbp + hemoglobin,2,2175,-23.400435480691158,-23.734324198792383,-23.06654676258993,c0,99.96125532739248,c2,99.96125532739248,99.96125532739248,25.16078120649165,0.03874467260751647,-25.160781206491652,0.0,-1.28802844725405,0.03874467260751647,-25.271409416685252,99.96125532739248,26.559437863939294,c0,25.16078120649165,c2,26.559437863939294
benefit,dbp + glucose lab + heart rate,2,2153,-21.565177341306004,-21.800947867298586,-21.32940681531342,c0,99.88674971687429,c2,96.56474141185353,99.88674971687429,25.08627559597346,0.11325028312570783,-25.08627559597346,3.3220083050207627,2.0339798577667128,0.11325028312570783,-25.19690380616706,96.56474141185353,23.162923948400348,c0,25.08627559597346,c2,23.162923948400348
benefit,dbp + glucose lab + resp rate,2,2107,-20.212981248301478,-20.589473684210528,-19.836488812392428,c0,100.0,c2,95.75363427697016,100.0,25.19952587909917,0.0,-25.19952587909917,4.2463657230298395,2.9583372757757895,0.0,-25.31015408929277,95.75363427697016,22.351816813516976,c0,25.19952587909917,c2,22.351816813516976
benefit,dbp + hemoglobin + platelets,2,1852,-25.245249923252413,-25.85737615677736,-24.633123689727466,c0,100.0,c2,100.0,100.0,25.19952587909917,0.0,-25.19952587909917,0.0,-1.28802844725405,0.0,-25.31015408929277,100.0,26.598182536546815,c0,25.19952587909917,c2,26.598182536546815
benefit,dbp + hemoglobin + lactate,2,1674,-26.57163759830795,-27.159023228111973,-25.984251968503933,c0,99.94863893168979,c2,99.94863893168979,99.94863893168979,25.148164810788955,0.05136106831022085,-25.14816481078895,0.0,-1.28802844725405,0.05136106831022085,-25.258793020982548,99.94863893168979,26.5468214682366,c0,25.148164810788955,c2,26.5468214682366
benefit,glucose lab + mbp + temperature,2,1655,-19.427555150601883,-19.500271591526342,-19.35483870967742,c0,99.66068831798351,c2,93.65002423654872,99.66068831798351,24.860214197082684,0.3393116820164809,-24.86021419708269,6.010664081434804,4.7226356341807545,0.3393116820164809,-24.97084240727629,93.65002423654872,20.248206773095532,c0,24.860214197082684,c2,20.248206773095532
benefit,mbp + platelets + spo2,2,1647,-27.157232815338755,-29.43485086342229,-24.87961476725522,c0,100.0,c2,100.0,100.0,25.19952587909917,0.0,-25.19952587909917,0.0,-1.28802844725405,0.0,-25.31015408929277,100.0,26.598182536546815,c0,25.19952587909917,c2,26.598182536546815
benefit,mbp + resp rate + temperature,2,1600,-20.171649022838643,-20.182440136830103,-20.160857908847184,c0,99.58995386981036,c2,93.23423885187083,99.58995386981036,24.789479748909528,0.4100461301896463,-24.789479748909525,6.355715017939518,5.067686570685469,0.4100461301896463,-24.900107959103124,93.23423885187083,19.832421388417643,c0,24.789479748909528,c2,19.832421388417643
benefit,glucose lab + lactate + spo2,2,1590,-28.625924939682232,-29.86798679867987,-27.383863080684595,c0,99.89462592202318,c2,99.89462592202318,99.89462592202318,25.09415180112235,0.10537407797681769,-25.09415180112235,0.0,-1.28802844725405,0.10537407797681769,-25.20478001131595,99.89462592202318,26.492808458569996,c0,25.09415180112235,c2,26.492808458569996
benefit,dbp + glucose lab + lactate,2,1587,-29.486462154685153,-29.732802728823195,-29.24012158054711,c0,99.8931623931624,c2,99.8931623931624,99.8931623931624,25.09268827226157,0.10683760683760685,-25.09268827226156,0.0,-1.28802844725405,0.10683760683760685,-25.20331648245516,99.8931623931624,26.491344929709214,c0,25.09268827226157,c2,26.491344929709214
benefit,glucose lab + lactate + resp rate,2,1571,-27.98482115287732,-29.18238993710692,-26.78725236864772,c0,99.89299090422686,c2,99.89299090422686,99.89299090422686,25.092516783326033,0.1070090957731407,-25.09251678332603,0.0,-1.28802844725405,0.1070090957731407,-25.20314499351963,99.89299090422686,26.49117344077368,c0,25.092516783326033,c2,26.49117344077368
benefit,mbp + platelets + resp rate,2,1561,-28.465376588882563,-29.216467463479415,-27.714285714285715,c0,99.94432071269487,c2,99.94432071269487,99.94432071269487,25.143846591794045,0.05567928730512249,-25.14384659179405,0.0,-1.28802844725405,0.05567928730512249,-25.254474801987648,99.94432071269487,26.54250324924169,c0,25.143846591794045,c2,26.54250324924169
benefit,dbp + hemoglobin + resp rate,2,1555,-28.95072947437256,-29.573590096286107,-28.327868852459016,c0,100.0,c2,100.0,100.0,25.19952587909917,0.0,-25.19952587909917,0.0,-1.28802844725405,0.0,-25.31015408929277,100.0,26.598182536546815,c0,25.19952587909917,c2,26.598182536546815
benefit,glucose lab + lactate + mbp,2,1487,-28.69171291556657,-29.13432835820895,-28.249097472924184,c0,99.8840579710145,c2,99.8840579710145,99.8840579710145,25.08358385011367,0.11594202898550725,-25.083583850113662,0.0,-1.28802844725405,0.11594202898550725,-25.19421206030726,99.8840579710145,26.482240507561315,c0,25.08358385011367,c2,26.482240507561315
benefit,glucose lab + platelets + spo2,2,1458,-30.189271324697902,-32.159847764034254,-28.21869488536155,c0,99.94165694282381,c2,99.94165694282381,99.94165694282381,25.141182821922982,0.05834305717619603,-25.141182821922975,0.0,-1.28802844725405,0.05834305717619603,-25.251811032116574,99.94165694282381,26.539839479370627,c0,25.141182821922982,c2,26.539839479370627
benefit,glucose lab + platelets + resp rate,2,1442,-31.121361746361746,-31.185031185031185,-31.057692307692307,c0,99.9406528189911,c2,99.9406528189911,99.9406528189911,25.140178698090267,0.05934718100890207,-25.140178698090267,0.0,-1.28802844725405,0.05934718100890207,-25.250806908283867,99.9406528189911,26.538835355537913,c0,25.140178698090267,c2,26.538835355537913
benefit,glucose lab + hemoglobin + spo2,2,1441,-30.750286016016894,-33.59148112294288,-27.90909090909091,c0,100.0,c2,100.0,100.0,25.19952587909917,0.0,-25.19952587909917,0.0,-1.28802844725405,0.0,-25.31015408929277,100.0,26.598182536546815,c0,25.19952587909917,c2,26.598182536546815
benefit,dbp + glucose lab + platelets,2,1435,-32.191963813353084,-32.88461538461539,-31.49931224209078,c0,100.0,c2,100.0,100.0,25.19952587909917,0.0,-25.19952587909917,0.0,-1.28802844725405,0.0,-25.31015408929277,100.0,26.598182536546815,c0,25.19952587909917,c2,26.598182536546815
benefit,dbp + glucose lab + hemoglobin,2,1406,-32.65778679486614,-32.91139240506329,-32.40418118466899,c0,100.0,c2,100.0,100.0,25.19952587909917,0.0,-25.19952587909917,0.0,-1.28802844725405,0.0,-25.31015408929277,100.0,26.598182536546815,c0,25.19952587909917,c2,26.598182536546815
benefit,glucose lab + hemoglobin + resp rate,2,1401,-30.37784575824078,-31.96781272860278,-28.787878787878785,c0,100.0,c2,100.0,100.0,25.19952587909917,0.0,-25.19952587909917,0.0,-1.28802844725405,0.0,-25.31015408929277,100.0,26.598182536546815,c0,25.19952587909917,c2,26.598182536546815
benefit,glucose lab + hemoglobin + mbp,2,1360,-32.262434405658226,-32.58042436687201,-31.944444444444443,c0,100.0,c2,100.0,100.0,25.19952587909917,0.0,-25.19952587909917,0.0,-1.28802844725405,0.0,-25.31015408929277,100.0,26.598182536546815,c0,25.19952587909917,c2,26.598182536546815
benefit,dbp + hemoglobin + sofa,2,1262,-26.753694215183128,-27.20465890183028,-26.302729528535977,c0,100.0,c2,100.0,100.0,25.19952587909917,0.0,-25.19952587909917,0.0,-1.28802844725405,0.0,-25.31015408929277,100.0,26.598182536546815,c0,25.19952587909917,c2,26.598182536546815
benefit,dbp + hemoglobin + sbp,2,1250,-28.750895600708407,-29.163281884646626,-28.33850931677019,c0,100.0,c2,100.0,100.0,25.19952587909917,0.0,-25.19952587909917,0.0,-1.28802844725405,0.0,-25.31015408929277,100.0,26.598182536546815,c0,25.19952587909917,c2,26.598182536546815
benefit,dbp + platelets + sbp,2,1246,-28.054408564629707,-28.058103975535165,-28.05071315372425,c0,100.0,c2,100.0,100.0,25.19952587909917,0.0,-25.19952587909917,0.0,-1.28802844725405,0.0,-25.31015408929277,100.0,26.598182536546815,c0,25.19952587909917,c2,26.598182536546815
benefit,dbp + platelets + sofa,2,1204,-26.155506561402582,-26.277955271565496,-26.033057851239672,c0,100.0,c2,100.0,100.0,25.19952587909917,0.0,-25.19952587909917,0.0,-1.28802844725405,0.0,-25.31015408929277,100.0,26.598182536546815,c0,25.19952587909917,c2,26.598182536546815
benefit,glucose lab + lactate + sbp,2,1189,-29.408408869162308,-29.46783161239079,-29.34898612593383,c0,99.92537313432835,c2,99.92537313432835,99.92537313432835,25.124899013427523,0.0746268656716418,-25.124899013427527,0.0,-1.28802844725405,0.0746268656716418,-25.235527223621126,99.92537313432835,26.52355567087517,c0,25.124899013427523,c2,26.52355567087517
benefit,mbp + platelets + temperature,2,1131,-25.95416848074248,-26.233766233766232,-25.674570727718727,c0,99.92254066615027,c2,99.92254066615027,99.92254066615027,25.12206654524944,0.0774593338497289,-25.122066545249442,0.0,-1.28802844725405,0.0774593338497289,-25.232694755443042,99.92254066615027,26.520723202697084,c0,25.12206654524944,c2,26.520723202697084
benefit,glucose lab + lactate + temperature,2,1118,-26.228023701309418,-26.93437806072478,-25.52166934189406,c0,99.6962794229309,c2,99.6962794229309,99.6962794229309,24.89580530203007,0.30372057706909644,-24.895805302030073,0.0,-1.28802844725405,0.30372057706909644,-25.006433512223673,99.6962794229309,26.294461959477715,c0,24.89580530203007,c2,26.294461959477715
benefit,dbp + platelets + sodium,2,1110,-32.29988263267676,-32.52595155709342,-32.073813708260104,c0,100.0,c2,100.0,100.0,25.19952587909917,0.0,-25.19952587909917,0.0,-1.28802844725405,0.0,-25.31015408929277,100.0,26.598182536546815,c0,25.19952587909917,c2,26.598182536546815
benefit,dbp + hemoglobin + sodium,2,1102,-33.541769069216684,-33.543165467625904,-33.540372670807464,c0,100.0,c2,100.0,100.0,25.19952587909917,0.0,-25.19952587909917,0.0,-1.28802844725405,0.0,-25.31015408929277,100.0,26.598182536546815,c0,25.19952587909917,c2,26.598182536546815
benefit,dbp + hemoglobin + potassium,2,1096,-33.039029191570954,-33.3652924256951,-32.712765957446805,c0,100.0,c2,100.0,100.0,25.19952587909917,0.0,-25.19952587909917,0.0,-1.28802844725405,0.0,-25.31015408929277,100.0,26.598182536546815,c0,25.19952587909917,c2,26.598182536546815
benefit,dbp + platelets + potassium,2,1092,-32.07483679924625,-32.478632478632484,-31.671041119860018,c0,100.0,c2,100.0,100.0,25.19952587909917,0.0,-25.19952587909917,0.0,-1.28802844725405,0.0,-25.31015408929277,100.0,26.598182536546815,c0,25.19952587909917,c2,26.598182536546815
benefit,glucose lab + hemoglobin + sbp,2,1085,-30.88222288738622,-31.54056517775752,-30.22388059701492,c0,100.0,c2,100.0,100.0,25.19952587909917,0.0,-25.19952587909917,0.0,-1.28802844725405,0.0,-25.31015408929277,100.0,26.598182536546815,c0,25.19952587909917,c2,26.598182536546815
benefit,glucose lab + platelets + sbp,2,1067,-30.66787132685526,-31.32313231323132,-30.0126103404792,c0,100.0,c2,100.0,100.0,25.19952587909917,0.0,-25.19952587909917,0.0,-1.28802844725405,0.0,-25.31015408929277,100.0,26.598182536546815,c0,25.19952587909917,c2,26.598182536546815
benefit,dbp + glucose lab + glucose vital,2,996,-31.00869545526595,-31.158714703018497,-30.85867620751341,c0,99.74424552429667,c2,99.65899403239557,99.74424552429667,24.943771403395843,0.2557544757033248,-24.943771403395846,0.08525149190110827,-1.2027769553529417,0.2557544757033248,-25.054399613589446,99.65899403239557,26.257176568942384,c0,24.943771403395843,c2,26.257176568942384
benefit,glucose lab + platelets + temperature,2,995,-27.174834198575955,-27.75290957923008,-26.596758817921828,c0,99.9131190269331,c2,99.9131190269331,99.9131190269331,25.112644906032273,0.08688097306689835,-25.112644906032273,0.0,-1.28802844725405,0.08688097306689835,-25.223273116225872,99.9131190269331,26.51130156347992,c0,25.112644906032273,c2,26.51130156347992
benefit,glucose lab + hemoglobin + temperature,2,982,-27.384172231262745,-28.075117370892023,-26.693227091633464,c0,100.0,c2,100.0,100.0,25.19952587909917,0.0,-25.19952587909917,0.0,-1.28802844725405,0.0,-25.31015408929277,100.0,26.598182536546815,c0,25.19952587909917,c2,26.598182536546815
benefit,dbp + platelets + urea,2,967,-31.573630831643,-31.947261663286,-31.2,c0,100.0,c2,100.0,100.0,25.19952587909917,0.0,-25.19952587909917,0.0,-1.28802844725405,0.0,-25.31015408929277,100.0,26.598182536546815,c0,25.19952587909917,c2,26.598182536546815
benefit,dbp + hemoglobin + urea,2,937,-31.475611983924008,-32.173913043478265,-30.77731092436975,c0,100.0,c2,100.0,100.0,25.19952587909917,0.0,-25.19952587909917,0.0,-1.28802844725405,0.0,-25.31015408929277,100.0,26.598182536546815,c0,25.19952587909917,c2,26.598182536546815
benefit,heart rate + mbp,1,2585,-19.183673469387752,-19.183673469387752,-19.183673469387752,c0,99.18367346938776,c2,96.48351648351648,99.18367346938776,24.383199348486926,0.8163265306122449,-24.383199348486926,2.7001569858712715,1.4121285386172215,0.8163265306122449,-24.493827558680525,96.48351648351648,23.081699020063297,c0,24.383199348486926,c2,23.081699020063297
benefit,glucose lab + resp rate,1,2542,-16.733312826822516,-16.733312826822516,-16.733312826822516,c0,99.72316210396801,c2,95.26299600123039,99.72316210396801,24.922687983067178,0.27683789603199016,-24.92268798306718,4.460166102737619,3.1721376554835694,0.27683789603199016,-25.03331619326078,95.26299600123039,21.861178537777207,c0,24.922687983067178,c2,21.861178537777207
benefit,glucose lab + mbp,1,2447,-19.17317708333333,-19.17317708333333,-19.17317708333333,c0,99.67447916666666,c2,95.63802083333334,99.67447916666666,24.874005045765827,0.32552083333333337,-24.874005045765838,4.036458333333334,2.748429886079284,0.32552083333333337,-24.984633255959437,95.63802083333334,22.236203369880158,c0,24.874005045765827,c2,22.236203369880158
benefit,heart rate + resp rate,1,2434,-16.893914200199532,-16.893914200199532,-16.893914200199532,c0,98.57000332557367,c2,95.07815098104423,98.57000332557367,23.769529204672835,1.4299966744263386,-23.769529204672832,3.4918523445294314,2.2038238972753814,1.4299966744263386,-23.88015741486643,95.07815098104423,21.676333517591047,c0,23.769529204672835,c2,21.676333517591047
benefit,glucose lab + heart rate,1,2410,-18.702667105696406,-18.702667105696406,-18.702667105696406,c0,99.70365492262101,c2,96.24629568653276,99.70365492262101,24.903180801720183,0.29634507737899246,-24.90318080172018,3.457359236088245,2.169330788834195,0.29634507737899246,-25.01380901191378,96.24629568653276,22.844478223079577,c0,24.903180801720183,c2,22.844478223079577
benefit,mbp + resp rate,1,2308,-19.68141592920354,-19.68141592920354,-19.68141592920354,c0,99.43362831858407,c2,95.04424778761062,99.43362831858407,24.63315419768324,0.5663716814159292,-24.63315419768324,4.389380530973451,3.101352083719401,0.5663716814159292,-24.74378240787684,95.04424778761062,21.64243032415743,c0,24.63315419768324,c2,21.64243032415743
benefit,creatinine + resp rate,1,2272,-21.916167664670656,-21.916167664670656,-21.916167664670656,c0,97.52871562826314,c2,92.55134006265227,97.52871562826314,22.728241507362313,2.47128437173686,-22.72824150736231,4.97737556561086,3.68934711835681,2.47128437173686,-22.83886971755591,92.55134006265227,19.149522599199088,c0,22.728241507362313,c2,19.149522599199088
benefit,dbp + spo2,1,2223,-18.366592756836663,-18.366592756836663,-18.366592756836663,c0,98.22616407982262,c2,93.64375461936437,98.22616407982262,23.425689958921794,1.7738359201773837,-23.425689958921787,4.582409460458241,3.2943810132041906,1.7738359201773837,-23.536318169115386,93.64375461936437,20.241937155911188,c0,23.425689958921794,c2,20.241937155911188
benefit,mbp + potassium,1,2188,-17.657722987672226,-17.657722987672226,-17.657722987672226,c0,99.49256977165639,c2,94.99818774918448,99.49256977165639,24.69209565075556,0.5074302283436027,-24.69209565075557,4.49438202247191,3.2063535752178605,0.5074302283436027,-24.80272386094917,94.99818774918448,21.596370285731297,c0,24.69209565075556,c2,21.596370285731297
benefit,dbp + sodium,1,2171,-17.34019103600294,-17.34019103600294,-17.34019103600294,c0,99.77957384276267,c2,95.33431300514327,99.77957384276267,24.979099721861843,0.2204261572373255,-24.979099721861843,4.445260837619398,3.157232390365348,0.2204261572373255,-25.089727932055442,95.33431300514327,21.932495541690088,c0,24.979099721861843,c2,21.932495541690088
benefit,mbp + sodium,1,2170,-17.888563049853374,-17.888563049853374,-17.888563049853374,c0,99.45014662756599,c2,94.90469208211144,99.45014662756599,24.649672506665155,0.5498533724340177,-24.64967250666515,4.545454545454546,3.257426098200496,0.5498533724340177,-24.76030071685875,94.90469208211144,21.502874618658254,c0,24.649672506665155,c2,21.502874618658254
benefit,creatinine + mbp,1,2167,-22.88242730720607,-22.88242730720607,-22.88242730720607,c0,95.24163568773234,c2,90.70631970260223,95.24163568773234,20.44116156683151,4.758364312267658,-20.44116156683151,4.5353159851301115,3.2472875378760615,4.758364312267658,-20.55178977702511,90.70631970260223,17.304502239149045,c0,20.44116156683151,c2,17.304502239149045
benefit,mbp + spo2,1,2160,-19.191148416634874,-19.191148416634874,-19.191148416634874,c0,98.43571156047311,c2,93.70469286531858,98.43571156047311,23.63523743957228,1.564288439526898,-23.635237439572272,4.731018695154521,3.4429902479004713,1.564288439526898,-23.74586564976587,93.70469286531858,20.302875401865393,c0,23.63523743957228,c2,20.302875401865393
benefit,creatinine + sapsii,1,2144,-20.439663236669787,-20.439663236669787,-20.439663236669787,c0,78.53366231935142,c2,75.81952767007402,78.53366231935142,3.7331881984505912,21.46633768064857,-3.7331881984505983,2.608389143461403,1.320360696207353,21.572083186464575,-3.738070902828195,75.81952767007402,2.417710206620839,c0,3.7331881984505912,c2,2.417710206620839
benefit,dbp + glucose lab + sodium,1,2083,-17.757367011098356,-17.757367011098356,-17.757367011098356,c0,99.92345962495216,c2,95.29276693455799,99.92345962495216,25.12298550405133,0.07654037504783774,-25.122985504051332,4.6306926903941825,3.3426642431401326,0.07654037504783774,-25.23361371424493,95.29276693455799,21.890949471104804,c0,25.12298550405133,c2,21.890949471104804
benefit,glucose lab + heart rate + mbp,1,2080,-21.91188040912667,-21.91188040912667,-21.91188040912667,c0,99.9213217938631,c2,96.53815892997639,99.9213217938631,25.12084767296227,0.07867820613690008,-25.12084767296227,3.383162863886703,2.095134416632653,0.07867820613690008,-25.23147588315587,96.53815892997639,23.136341466523206,c0,25.12084767296227,c2,23.136341466523206
benefit,heart rate + mbp + resp rate,1,2079,-21.310181531176003,-21.310181531176003,-21.310181531176003,c0,99.84214680347277,c2,96.52722967640095,99.84214680347277,25.041672682571942,0.15785319652722968,-25.04167268257194,3.314917127071823,2.026888679817773,0.15785319652722968,-25.15230089276554,96.52722967640095,23.125412212947765,c0,25.041672682571942,c2,23.125412212947765
benefit,glucose lab + mbp + sodium,1,2078,-18.29314963643322,-18.29314963643322,-18.29314963643322,c0,99.61729812476081,c2,94.87179487179486,99.61729812476081,24.816824003859978,0.3827018752391887,-24.81682400385998,4.745503252965939,3.457474805711889,0.3827018752391887,-24.92745221405358,94.87179487179486,21.469977408341677,c0,24.816824003859978,c2,21.469977408341677
benefit,glucose lab + mbp + potassium,1,2073,-17.927063339731287,-17.927063339731287,-17.927063339731287,c0,99.61612284069098,c2,94.85604606525911,99.61612284069098,24.815648719790147,0.3838771593090211,-24.815648719790147,4.760076775431862,3.4720483281778116,0.3838771593090211,-24.92627692998375,94.85604606525911,21.454228601805923,c0,24.815648719790147,c2,21.454228601805923
benefit,glucose lab + heart rate + sodium,1,2033,-17.653936087295403,-17.653936087295403,-17.653936087295403,c0,99.64925954793453,c2,95.5572876071707,99.64925954793453,24.848785427033704,0.35074045206547155,-24.848785427033697,4.091971940763835,2.803943493509785,0.35074045206547155,-24.959413637227296,95.5572876071707,22.15547014371751,c0,24.848785427033704,c2,22.15547014371751
benefit,glucose lab + heart rate + resp rate,1,1986,-20.178282009724477,-20.178282009724477,-20.178282009724477,c0,99.91896272285251,c2,95.7455429497569,99.91896272285251,25.118488601951682,0.08103727714748785,-25.118488601951682,4.173419773095624,2.885391325841574,0.08103727714748785,-25.229116812145282,95.7455429497569,22.34372548630371,c0,25.118488601951682,c2,22.34372548630371
benefit,glucose lab + mbp + resp rate,1,1956,-20.840266222961727,-20.840266222961727,-20.840266222961727,c0,100.0,c2,95.38269550748753,100.0,25.19952587909917,0.0,-25.19952587909917,4.6173044925124795,3.3292760452584296,0.0,-25.31015408929277,95.38269550748753,21.98087804403434,c0,25.19952587909917,c2,21.98087804403434
benefit,heart rate + platelets,1,1941,-19.672131147540984,-19.672131147540984,-19.672131147540984,c0,99.3960310612597,c2,99.35289042277826,99.3960310612597,24.595556940358875,0.6039689387402933,-24.595556940358875,0.0,-1.28802844725405,0.6471095772217429,-24.663044512071025,99.35289042277826,25.951072959325074,c0,24.595556940358875,c2,25.951072959325074
benefit,heart rate + mbp + spo2,1,1862,-21.15211521152116,-21.15211521152116,-21.15211521152116,c0,99.63996399639964,c2,95.76957695769576,99.63996399639964,24.839489875498813,0.36003600360036003,-24.83948987549881,3.87038703870387,2.58235859144982,0.36003600360036003,-24.95011808569241,95.76957695769576,22.367759494242577,c0,24.839489875498813,c2,22.367759494242577
benefit,heart rate + mbp + potassium,1,1834,-20.69425901201602,-20.69425901201602,-20.69425901201602,c0,99.8220640569395,c2,95.99644128113879,99.8220640569395,25.021589936038666,0.1779359430604982,-25.021589936038673,3.8256227758007118,2.537594328546662,0.1779359430604982,-25.132218146232272,95.99644128113879,22.5946238176856,c0,25.021589936038666,c2,22.5946238176856
benefit,dbp + glucose lab + sbp,1,1833,-19.19642857142857,-19.19642857142857,-19.19642857142857,c0,99.95535714285714,c2,94.55357142857143,99.95535714285714,25.15488302195631,0.044642857142857144,-25.154883021956312,5.401785714285714,4.113757267031664,0.044642857142857144,-25.265511232149912,94.55357142857143,21.151753965118246,c0,25.15488302195631,c2,21.151753965118246
benefit,mbp + platelets,1,1825,-25.0,-25.0,-25.0,c0,99.72067039106145,c2,99.72067039106145,99.72067039106145,24.920196270160616,0.27932960893854747,-24.920196270160623,0.0,-1.28802844725405,0.27932960893854747,-25.030824480354223,99.72067039106145,26.318852927608262,c0,24.920196270160616,c2,26.318852927608262
benefit,heart rate + mbp + sodium,1,1820,-20.953237410071942,-20.953237410071942,-20.953237410071942,c0,99.7751798561151,c2,95.90827338129496,99.7751798561151,24.974705735214272,0.22482014388489208,-24.97470573521428,3.8669064748201443,2.5788780275660943,0.22482014388489208,-25.08533394540788,95.90827338129496,22.506455917841777,c0,24.974705735214272,c2,22.506455917841777
benefit,glucose lab + mbp + sbp,1,1818,-19.325842696629213,-19.325842696629213,-19.325842696629213,c0,100.0,c2,94.42696629213484,100.0,25.19952587909917,0.0,-25.19952587909917,5.573033707865169,4.285005260611118,0.0,-25.31015408929277,94.42696629213484,21.02514882868165,c0,25.19952587909917,c2,21.02514882868165
benefit,glucose lab + lactate,1,1791,-26.617375231053607,-26.617375231053607,-26.617375231053607,c0,99.76894639556377,c2,99.76894639556377,99.76894639556377,24.968472274662943,0.23105360443622922,-24.96847227466294,0.0,-1.28802844725405,0.23105360443622922,-25.07910048485654,99.76894639556377,26.36712893211059,c0,24.968472274662943,c2,26.36712893211059
benefit,mbp + resp rate + spo2,1,1781,-21.5962441314554,-21.5962441314554,-21.5962441314554,c0,99.6244131455399,c2,93.80281690140845,99.6244131455399,24.823939024639074,0.3755868544600939,-24.823939024639078,5.821596244131456,4.533567796877406,0.3755868544600939,-24.934567234832677,93.80281690140845,20.400999437955264,c0,24.823939024639074,c2,20.400999437955264
benefit,dbp + resp rate + sbp,1,1770,-20.394736842105267,-20.394736842105267,-20.394736842105267,c0,99.85908877407233,c2,94.17566932832315,99.85908877407233,25.058614653171503,0.14091122592766556,-25.058614653171503,5.683419445749178,4.395390998495127,0.14091122592766556,-25.169242863365103,94.17566932832315,20.773851864869968,c0,25.058614653171503,c2,20.773851864869968
benefit,mbp + resp rate + sbp,1,1765,-20.6977840641207,-20.6977840641207,-20.6977840641207,c0,99.85855728429985,c2,94.012258368694,99.85855728429985,25.05808316339902,0.14144271570014144,-25.05808316339903,5.846298915605846,4.558270468351797,0.14144271570014144,-25.16871137359263,94.012258368694,20.61044090524082,c0,25.05808316339902,c2,20.61044090524082
benefit,glucose lab + mbp + spo2,1,1763,-21.250587682181475,-21.250587682181475,-21.250587682181475,c0,100.0,c2,94.17019275975552,100.0,25.19952587909917,0.0,-25.19952587909917,5.829807240244476,4.541778792990426,0.0,-25.31015408929277,94.17019275975552,20.768375296302338,c0,25.19952587909917,c2,20.768375296302338
benefit,dbp + resp rate + spo2,1,1744,-21.44913627639156,-21.44913627639156,-21.44913627639156,c0,99.6641074856046,c2,94.57773512476008,99.6641074856046,24.863633364703773,0.33589251439539347,-24.863633364703777,5.08637236084453,3.79834391359048,0.33589251439539347,-24.974261574897376,94.57773512476008,21.175917661306897,c0,24.863633364703773,c2,21.175917661306897
benefit,mbp + resp rate + sodium,1,1729,-19.68984962406015,-19.68984962406015,-19.68984962406015,c0,99.953007518797,c2,94.73684210526315,99.953007518797,25.152533397896164,0.046992481203007516,-25.152533397896164,5.216165413533835,3.928136966279785,0.046992481203007516,-25.263161608089764,94.73684210526315,21.335024641809966,c0,25.152533397896164,c2,21.335024641809966
benefit,dbp + resp rate + sodium,1,1717,-19.47867298578199,-19.47867298578199,-19.47867298578199,c0,99.95260663507109,c2,94.92890995260663,99.95260663507109,25.152132514170262,0.047393364928909956,-25.15213251417026,5.023696682464455,3.735668235210405,0.047393364928909956,-25.262760724363858,94.92890995260663,21.527092489153446,c0,25.152132514170262,c2,21.527092489153446
benefit,creatinine + lactate,1,1688,-21.292134831460675,-21.292134831460675,-21.292134831460675,c0,82.62548262548263,c2,82.57722007722008,82.62548262548263,7.8250085045818025,17.374517374517374,-7.825008504581795,0.0,-1.28802844725405,17.422779922779924,-7.887374166512846,82.57722007722008,9.175402613766892,c0,7.8250085045818025,c2,9.175402613766892
benefit,dbp + lactate + mbp,1,1677,-25.748194014447883,-25.748194014447883,-25.748194014447883,c0,99.38112429087158,c2,99.38112429087158,99.38112429087158,24.580650169970752,0.6188757091284167,-24.580650169970752,0.0,-1.28802844725405,0.6188757091284167,-24.691278380164352,99.38112429087158,25.979306827418398,c0,24.580650169970752,c2,25.979306827418398
benefit,heart rate + mbp + urea,1,1671,-20.263671875,-20.263671875,-20.263671875,c0,99.90234375,c2,95.703125,99.90234375,25.10186962909917,0.09765625,-25.10186962909917,4.19921875,2.91119030274595,0.09765625,-25.21249783929277,95.703125,22.301307536546815,c0,25.10186962909917,c2,22.301307536546815
benefit,lactate + mbp,1,1658,-25.539568345323737,-25.539568345323737,-25.539568345323737,c0,97.79033915724563,c2,97.79033915724563,97.79033915724563,22.989865036344796,2.2096608427543676,-22.989865036344803,0.0,-1.28802844725405,2.2096608427543676,-23.100493246538402,97.79033915724563,24.38852169379244,c0,22.989865036344796,c2,24.38852169379244
benefit,glucose lab + platelets,1,1643,-27.4218349564326,-27.4218349564326,-27.4218349564326,c0,99.94874423372629,c2,99.94874423372629,99.94874423372629,25.148270112825458,0.05125576627370579,-25.148270112825465,0.0,-1.28802844725405,0.05125576627370579,-25.258898323019064,99.94874423372629,26.546926770273103,c0,25.148270112825458,c2,26.546926770273103
benefit,mbp + resp rate + urea,1,1629,-19.590204897551228,-19.590204897551228,-19.590204897551228,c0,99.85007496251875,c2,93.65317341329336,99.85007496251875,25.049600841617917,0.14992503748125938,-25.04960084161791,6.196901549225387,4.908873101971338,0.14992503748125938,-25.16022905181151,93.65317341329336,20.251355949840175,c0,25.049600841617917,c2,20.251355949840175
benefit,dbp + resp rate + urea,1,1618,-18.97846770155233,-18.97846770155233,-18.97846770155233,c0,99.899849774662,c2,94.59188783174763,99.899849774662,25.09937565376117,0.10015022533800699,-25.099375653761165,5.307961942914371,4.019933495660322,0.10015022533800699,-25.210003863954764,94.59188783174763,21.190070368294442,c0,25.09937565376117,c2,21.190070368294442
benefit,heart rate + mbp + sofa,1,1614,-20.607934054611025,-20.607934054611025,-20.607934054611025,c0,99.94848016486347,c2,99.17568263781556,99.94848016486347,25.14800604396264,0.05151983513652757,-25.148006043962642,0.7727975270479135,-0.5152309202061365,0.05151983513652757,-25.25863425415624,99.17568263781556,25.77386517436237,c0,25.14800604396264,c2,25.77386517436237
benefit,glucose lab + hemoglobin,1,1613,-27.0978086584714,-27.0978086584714,-27.0978086584714,c0,100.0,c2,100.0,100.0,25.19952587909917,0.0,-25.19952587909917,0.0,-1.28802844725405,0.0,-25.31015408929277,100.0,26.598182536546815,c0,25.19952587909917,c2,26.598182536546815
benefit,heart rate + mbp + platelets,1,1587,-26.834611171960564,-26.834611171960564,-26.834611171960564,c0,99.89047097480832,c2,99.89047097480832,99.89047097480832,25.089996853907493,0.10952902519167579,-25.089996853907493,0.0,-1.28802844725405,0.10952902519167579,-25.200625064101093,99.89047097480832,26.48865351135514,c0,25.089996853907493,c2,26.48865351135514
benefit,dbp + glucose lab + temperature,1,1573,-18.95929933024214,-18.95929933024214,-18.95929933024214,c0,100.0,c2,93.76609994848016,100.0,25.19952587909917,0.0,-25.19952587909917,6.233900051519836,4.945871604265786,0.0,-25.31015408929277,93.76609994848016,20.364282485026976,c0,25.19952587909917,c2,20.364282485026976
benefit,lactate + resp rate,1,1570,-24.08405172413793,-24.08405172413793,-24.08405172413793,c0,97.79094827586206,c2,97.79094827586206,97.79094827586206,22.990474154961234,2.209051724137931,-22.990474154961237,0.0,-1.28802844725405,2.209051724137931,-23.101102365154837,97.79094827586206,24.38913081240888,c0,22.990474154961234,c2,24.38913081240888
benefit,glucose lab + heart rate + temperature,1,1567,-18.820512820512818,-18.820512820512818,-18.820512820512818,c0,99.7948717948718,c2,94.41025641025641,99.7948717948718,24.994397673970965,0.20512820512820512,-24.994397673970965,5.384615384615385,4.0965869373613355,0.20512820512820512,-25.105025884164565,94.41025641025641,21.008438946803224,c0,24.994397673970965,c2,21.008438946803224
benefit,glucose lab + mbp + sofa,1,1552,-19.364914107235816,-19.364914107235816,-19.364914107235816,c0,99.94794377928162,c2,98.17803227485685,99.94794377928162,25.147469658380786,0.052056220718375845,-25.147469658380793,1.7699115044247788,0.4818830571707289,0.052056220718375845,-25.258097868574392,98.17803227485685,24.776214811403662,c0,25.147469658380786,c2,24.776214811403662
benefit,heart rate + lactate,1,1548,-25.168161434977577,-25.168161434977577,-25.168161434977577,c0,99.71973094170403,c2,99.71973094170403,99.71973094170403,24.9192568208032,0.2802690582959641,-24.919256820803206,0.0,-1.28802844725405,0.2802690582959641,-25.029885030996805,99.71973094170403,26.317913478250844,c0,24.9192568208032,c2,26.317913478250844
benefit,dbp + resp rate + temperature,1,1533,-19.42949407965554,-19.42949407965554,-19.42949407965554,c0,99.51586874663798,c2,93.00699300699301,99.51586874663798,24.715394625737147,0.48413125336202256,-24.715394625737147,6.508875739644971,5.220847292390921,0.48413125336202256,-24.826022835930747,93.00699300699301,19.60517554353983,c0,24.715394625737147,c2,19.60517554353983
benefit,dbp + lactate + platelets,1,1502,-26.878612716763005,-26.878612716763005,-26.878612716763005,c0,99.71098265895954,c2,99.71098265895954,99.71098265895954,24.910508538058707,0.2890173410404624,-24.910508538058707,0.0,-1.28802844725405,0.2890173410404624,-25.021136748252307,99.71098265895954,26.309165195506353,c0,24.910508538058707,c2,26.309165195506353
benefit,mbp + resp rate + sofa,1,1494,-22.104677060133632,-22.104677060133632,-22.104677060133632,c0,99.94432071269487,c2,98.32962138084632,99.94432071269487,25.143846591794045,0.05567928730512249,-25.14384659179405,1.6146993318485525,0.32667088459450255,0.05567928730512249,-25.254474801987648,98.32962138084632,24.927803917393135,c0,25.143846591794045,c2,24.927803917393135
benefit,dbp + resp rate + sofa,1,1483,-21.577464788732392,-21.577464788732392,-21.577464788732392,c0,99.94366197183099,c2,98.53521126760563,99.94366197183099,25.14318785093016,0.056338028169014086,-25.143187850930154,1.4084507042253522,0.12042225697130227,0.056338028169014086,-25.253816061123754,98.53521126760563,25.133393804152448,c0,25.14318785093016,c2,25.133393804152448
benefit,glucose lab + heart rate + lactate,1,1472,-29.125073399882563,-29.125073399882563,-29.125073399882563,c0,99.8825601879037,c2,99.8825601879037,99.8825601879037,25.082086067002876,0.11743981209630064,-25.08208606700287,0.0,-1.28802844725405,0.11743981209630064,-25.19271427719647,99.8825601879037,26.480742724450522,c0,25.082086067002876,c2,26.480742724450522
benefit,glucose lab + hemoglobin + platelets,1,1422,-28.26486817903127,-28.26486817903127,-28.26486817903127,c0,100.0,c2,100.0,100.0,25.19952587909917,0.0,-25.19952587909917,0.0,-1.28802844725405,0.0,-25.31015408929277,100.0,26.598182536546815,c0,25.19952587909917,c2,26.598182536546815
benefit,glucose lab + lactate + platelets,1,1387,-30.073800738007385,-30.073800738007385,-30.073800738007385,c0,100.0,c2,100.0,100.0,25.19952587909917,0.0,-25.19952587909917,0.0,-1.28802844725405,0.0,-25.31015408929277,100.0,26.598182536546815,c0,25.19952587909917,c2,26.598182536546815
benefit,heart rate + hemoglobin,1,1376,-23.15238718116416,-23.15238718116416,-23.15238718116416,c0,100.0,c2,100.0,100.0,25.19952587909917,0.0,-25.19952587909917,0.0,-1.28802844725405,0.0,-25.31015408929277,100.0,26.598182536546815,c0,25.19952587909917,c2,26.598182536546815
benefit,dbp + lactate + resp rate,1,1368,-28.203477141017387,-28.203477141017387,-28.203477141017387,c0,99.93560849967804,c2,99.93560849967804,99.93560849967804,25.13513437877721,0.0643915003219575,-25.135134378777213,0.0,-1.28802844725405,0.0643915003219575,-25.245762588970813,99.93560849967804,26.533791036224855,c0,25.13513437877721,c2,26.533791036224855
benefit,dbp + sapsii,1,1357,-22.47191011235955,-22.47191011235955,-22.47191011235955,c0,90.78651685393258,c2,87.58426966292134,90.78651685393258,15.986042733031752,9.213483146067416,-15.986042733031754,3.2022471910112356,1.9142187437571856,9.213483146067416,-16.096670943225355,87.58426966292134,14.182452199468159,c0,15.986042733031752,c2,14.182452199468159
benefit,glucose lab + hemoglobin + lactate,1,1333,-30.412034009156308,-30.412034009156308,-30.412034009156308,c0,100.0,c2,100.0,100.0,25.19952587909917,0.0,-25.19952587909917,0.0,-1.28802844725405,0.0,-25.31015408929277,100.0,26.598182536546815,c0,25.19952587909917,c2,26.598182536546815
benefit,mbp + sapsii,1,1313,-23.65839584535488,-23.65839584535488,-23.65839584535488,c0,91.51759953837276,c2,88.11309867282169,91.51759953837276,16.717125417471934,8.482400461627236,-16.717125417471934,3.4045008655510673,2.1164724182970174,8.482400461627236,-16.827753627665533,88.11309867282169,14.711281209368508,c0,16.717125417471934,c2,14.711281209368508
benefit,glucose lab + heart rate + platelets,1,1309,-30.301003344481607,-30.301003344481607,-30.301003344481607,c0,100.0,c2,100.0,100.0,25.19952587909917,0.0,-25.19952587909917,0.0,-1.28802844725405,0.0,-25.31015408929277,100.0,26.598182536546815,c0,25.19952587909917,c2,26.598182536546815
benefit,glucose lab + heart rate + hemoglobin,1,1307,-30.52345343303875,-30.52345343303875,-30.52345343303875,c0,100.0,c2,100.0,100.0,25.19952587909917,0.0,-25.19952587909917,0.0,-1.28802844725405,0.0,-25.31015408929277,100.0,26.598182536546815,c0,25.19952587909917,c2,26.598182536546815
benefit,glucose lab + mbp + platelets,1,1298,-31.66441136671177,-31.66441136671177,-31.66441136671177,c0,100.0,c2,100.0,100.0,25.19952587909917,0.0,-25.19952587909917,0.0,-1.28802844725405,0.0,-25.31015408929277,100.0,26.598182536546815,c0,25.19952587909917,c2,26.598182536546815
benefit,glucose lab + lactate + sodium,1,1288,-27.944111776447112,-27.944111776447112,-27.944111776447112,c0,99.73386560212909,c2,99.73386560212909,99.73386560212909,24.933391481228256,0.2661343978709248,-24.933391481228245,0.0,-1.28802844725405,0.2661343978709248,-25.044019691421845,99.73386560212909,26.3320481386759,c0,24.933391481228256,c2,26.3320481386759
benefit,dbp + lactate + sbp,1,1276,-27.1198318149965,-27.1198318149965,-27.1198318149965,c0,100.0,c2,100.0,100.0,25.19952587909917,0.0,-25.19952587909917,0.0,-1.28802844725405,0.0,-25.31015408929277,100.0,26.598182536546815,c0,25.19952587909917,c2,26.598182536546815
benefit,dbp + lactate + spo2,1,1275,-27.470217238962856,-27.470217238962856,-27.470217238962856,c0,99.64961457603364,c2,99.64961457603364,99.64961457603364,24.84914045513281,0.35038542396636296,-24.849140455132808,0.0,-1.28802844725405,0.35038542396636296,-24.959768665326408,99.64961457603364,26.247797112580457,c0,24.84914045513281,c2,26.247797112580457
benefit,glucose lab + lactate + potassium,1,1259,-27.216494845360828,-27.216494845360828,-27.216494845360828,c0,99.72508591065292,c2,99.72508591065292,99.72508591065292,24.924611789752092,0.27491408934707906,-24.924611789752092,0.0,-1.28802844725405,0.27491408934707906,-25.03523999994569,99.72508591065292,26.323268447199737,c0,24.924611789752092,c2,26.323268447199737
benefit,any vasopressor + glucose lab,1,1256,-24.8046875,-24.8046875,-24.8046875,c0,99.67447916666666,c2,99.67447916666666,99.67447916666666,24.874005045765827,0.32552083333333337,-24.874005045765838,0.0,-1.28802844725405,0.32552083333333337,-24.984633255959437,99.67447916666666,26.272661703213473,c0,24.874005045765827,c2,26.272661703213473
benefit,resp rate + sapsii,1,1250,-23.02114803625378,-23.02114803625378,-23.02114803625378,c0,88.94259818731118,c2,85.55891238670695,88.94259818731118,14.142124066410346,11.057401812688822,-14.142124066410348,3.3232628398791544,2.0352343926251044,11.117824773413897,-14.192329315878872,85.55891238670695,12.157094923253766,c0,14.142124066410346,c2,12.157094923253766
benefit,lactate + mbp + platelets,1,1249,-29.33333333333333,-29.33333333333333,-29.33333333333333,c0,100.0,c2,100.0,100.0,25.19952587909917,0.0,-25.19952587909917,0.0,-1.28802844725405,0.0,-25.31015408929277,100.0,26.598182536546815,c0,25.19952587909917,c2,26.598182536546815
benefit,sapsii + spo2,1,1247,-23.28267477203648,-23.28267477203648,-23.28267477203648,c0,93.25227963525836,c2,88.6322188449848,93.25227963525836,18.45180551435753,6.7477203647416415,-18.451805514357527,4.5592705167173255,3.2712420694632756,6.808510638297872,-18.501643450994898,88.6322188449848,15.230401381531621,c0,18.45180551435753,c2,15.230401381531621
benefit,sapsii + temperature,1,1246,-21.90132370637786,-21.90132370637786,-21.90132370637786,c0,89.59085439229844,c2,85.92057761732852,89.59085439229844,14.79038027139761,10.409145607701564,-14.790380271397606,3.6702767749699152,2.3822483277158653,10.409145607701564,-14.901008481591205,85.92057761732852,12.518760153875334,c0,14.79038027139761,c2,12.518760153875334
benefit,lactate + mbp + resp rate,1,1223,-29.67509025270758,-29.67509025270758,-29.67509025270758,c0,100.0,c2,100.0,100.0,25.19952587909917,0.0,-25.19952587909917,0.0,-1.28802844725405,0.0,-25.31015408929277,100.0,26.598182536546815,c0,25.19952587909917,c2,26.598182536546815
benefit,heart rate + sapsii,1,1209,-22.588674548848783,-22.588674548848783,-22.588674548848783,c0,92.47044181705041,c2,89.48350964530181,92.47044181705041,17.669967696149584,7.529558182949596,-17.669967696149573,2.9869321717485997,1.6989037244945497,7.529558182949596,-17.780595906343173,89.48350964530181,16.081692181848624,c0,17.669967696149584,c2,16.081692181848624
benefit,sapsii + urea,1,1191,-24.30647291941876,-24.30647291941876,-24.30647291941876,c0,62.41743725231176,c2,62.219286657859975,62.41743725231176,-12.383036868589073,37.58256274768824,12.383036868589073,0.06605019815059446,-1.2219782491034554,37.714663143989426,12.404509054696657,62.219286657859975,-11.18253080559321,c1,12.383036868589073,c1,12.404509054696657
benefit,lactate + sodium,1,1186,-27.458120903131828,-27.458120903131828,-27.458120903131828,c0,99.27166788055352,c2,99.27166788055352,99.27166788055352,24.471193759652692,0.7283321194464676,-24.471193759652703,0.0,-1.28802844725405,0.7283321194464676,-24.581821969846303,99.27166788055352,25.869850417100338,c0,24.471193759652692,c2,25.869850417100338
benefit,glucose lab + hemoglobin + sodium,1,1174,-28.701594533029613,-28.701594533029613,-28.701594533029613,c0,100.0,c2,100.0,100.0,25.19952587909917,0.0,-25.19952587909917,0.0,-1.28802844725405,0.0,-25.31015408929277,100.0,26.598182536546815,c0,25.19952587909917,c2,26.598182536546815
benefit,dbp + lactate + potassium,1,1167,-29.416224412433667,-29.416224412433667,-29.416224412433667,c0,100.0,c2,100.0,100.0,25.19952587909917,0.0,-25.19952587909917,0.0,-1.28802844725405,0.0,-25.31015408929277,100.0,26.598182536546815,c0,25.19952587909917,c2,26.598182536546815
benefit,dbp + lactate + sodium,1,1163,-29.90867579908676,-29.90867579908676,-29.90867579908676,c0,100.0,c2,100.0,100.0,25.19952587909917,0.0,-25.19952587909917,0.0,-1.28802844725405,0.0,-25.31015408929277,100.0,26.598182536546815,c0,25.19952587909917,c2,26.598182536546815
benefit,mbp + platelets + sbp,1,1156,-29.310344827586203,-29.310344827586203,-29.310344827586203,c0,100.0,c2,100.0,100.0,25.19952587909917,0.0,-25.19952587909917,0.0,-1.28802844725405,0.0,-25.31015408929277,100.0,26.598182536546815,c0,25.19952587909917,c2,26.598182536546815
benefit,glucose lab + hemoglobin + potassium,1,1155,-28.382581648522557,-28.382581648522557,-28.382581648522557,c0,100.0,c2,100.0,100.0,25.19952587909917,0.0,-25.19952587909917,0.0,-1.28802844725405,0.0,-25.31015408929277,100.0,26.598182536546815,c0,25.19952587909917,c2,26.598182536546815
benefit,glucose lab + platelets + sodium,1,1154,-28.909229595728448,-28.909229595728448,-28.909229595728448,c0,99.92372234935164,c2,99.92372234935164,99.92372234935164,25.123248228450805,0.07627765064836003,-25.12324822845081,0.0,-1.28802844725405,0.07627765064836003,-25.23387643864441,99.92372234935164,26.52190488589845,c0,25.123248228450805,c2,26.52190488589845
benefit,glucose lab + glucose vital,1,1144,-27.07581227436823,-27.07581227436823,-27.07581227436823,c0,99.06137184115524,c2,98.91696750902527,99.06137184115524,24.260897720254405,0.9386281588447654,-24.260897720254405,0.1444043321299639,-1.143624115124086,0.9386281588447654,-24.371525930448005,98.91696750902527,25.515150045572085,c0,24.260897720254405,c2,25.515150045572085
benefit,lactate + potassium,1,1136,-27.739463601532567,-27.739463601532567,-27.739463601532567,c0,99.46360153256705,c2,99.46360153256705,99.46360153256705,24.663127411666224,0.5363984674329502,-24.66312741166622,0.0,-1.28802844725405,0.5363984674329502,-24.77375562185982,99.46360153256705,26.06178406911387,c0,24.663127411666224,c2,26.06178406911387
benefit,glucose lab + platelets + potassium,1,1126,-27.64612954186414,-27.64612954186414,-27.64612954186414,c0,99.92101105845181,c2,99.92101105845181,99.92101105845181,25.12053693755098,0.07898894154818326,-25.120536937550987,0.0,-1.28802844725405,0.07898894154818326,-25.231165147744587,99.92101105845181,26.519193594998626,c0,25.12053693755098,c2,26.519193594998626
benefit,mbp + platelets + sofa,1,1117,-27.09984152139461,-27.09984152139461,-27.09984152139461,c0,100.0,c2,100.0,100.0,25.19952587909917,0.0,-25.19952587909917,0.0,-1.28802844725405,0.0,-25.31015408929277,100.0,26.598182536546815,c0,25.19952587909917,c2,26.598182536546815
benefit,dbp + lactate + sofa,1,1114,-27.627388535031844,-27.627388535031844,-27.627388535031844,c0,99.84076433121018,c2,99.84076433121018,99.84076433121018,25.04029021030935,0.15923566878980894,-25.04029021030936,0.0,-1.28802844725405,0.15923566878980894,-25.15091842050296,99.84076433121018,26.438946867756997,c0,25.04029021030935,c2,26.438946867756997
benefit,glucose lab + lactate + urea,1,1079,-26.811594202898547,-26.811594202898547,-26.811594202898547,c0,99.59742351046698,c2,99.59742351046698,99.59742351046698,24.79694938956615,0.40257648953301123,-24.79694938956616,0.0,-1.28802844725405,0.40257648953301123,-24.907577599759758,99.59742351046698,26.195606047013797,c0,24.79694938956615,c2,26.195606047013797
benefit,lactate + mbp + spo2,1,1066,-29.421768707482997,-29.421768707482997,-29.421768707482997,c0,100.0,c2,100.0,100.0,25.19952587909917,0.0,-25.19952587909917,0.0,-1.28802844725405,0.0,-25.31015408929277,100.0,26.598182536546815,c0,25.19952587909917,c2,26.598182536546815
benefit,lactate + mbp + sbp,1,1061,-30.059777967549103,-30.059777967549103,-30.059777967549103,c0,100.0,c2,100.0,100.0,25.19952587909917,0.0,-25.19952587909917,0.0,-1.28802844725405,0.0,-25.31015408929277,100.0,26.598182536546815,c0,25.19952587909917,c2,26.598182536546815
benefit,mbp + platelets + sodium,1,1033,-32.25806451612903,-32.25806451612903,-32.25806451612903,c0,100.0,c2,100.0,100.0,25.19952587909917,0.0,-25.19952587909917,0.0,-1.28802844725405,0.0,-25.31015408929277,100.0,26.598182536546815,c0,25.19952587909917,c2,26.598182536546815
benefit,glucose lab + lactate + sofa,1,1032,-28.135593220338983,-28.135593220338983,-28.135593220338983,c0,99.83050847457628,c2,99.83050847457628,99.83050847457628,25.030034353675447,0.1694915254237288,-25.03003435367544,0.0,-1.28802844725405,0.1694915254237288,-25.14066256386904,99.83050847457628,26.428691011123092,c0,25.030034353675447,c2,26.428691011123092
benefit,dbp + lactate + urea,1,1024,-29.370629370629363,-29.370629370629363,-29.370629370629363,c0,99.91258741258741,c2,99.91258741258741,99.91258741258741,25.112113291686583,0.08741258741258741,-25.112113291686583,0.0,-1.28802844725405,0.08741258741258741,-25.222741501880183,99.91258741258741,26.51076994913423,c0,25.112113291686583,c2,26.51076994913423
benefit,lactate + resp rate + spo2,1,1008,-29.00274473924977,-29.00274473924977,-29.00274473924977,c0,100.0,c2,100.0,100.0,25.19952587909917,0.0,-25.19952587909917,0.0,-1.28802844725405,0.0,-25.31015408929277,100.0,26.598182536546815,c0,25.19952587909917,c2,26.598182536546815
benefit,lactate + potassium + sodium,1,1002,-29.929577464788736,-29.929577464788736,-29.929577464788736,c0,99.82394366197182,c2,99.82394366197182,99.82394366197182,25.023469541070995,0.17605633802816903,-25.023469541071,0.0,-1.28802844725405,0.17605633802816903,-25.1340977512646,99.82394366197182,26.42212619851864,c0,25.023469541070995,c2,26.42212619851864
benefit,lactate + urea,1,1000,-26.67844522968198,-26.67844522968198,-26.67844522968198,c0,99.64664310954063,c2,99.64664310954063,99.64664310954063,24.846168988639803,0.35335689045936397,-24.846168988639807,0.0,-1.28802844725405,0.35335689045936397,-24.956797198833407,99.64664310954063,26.24482564608745,c0,24.846168988639803,c2,26.24482564608745
benefit,lactate + mbp + sodium,1,995,-31.06535362578334,-31.06535362578334,-31.06535362578334,c0,99.82094897045658,c2,99.82094897045658,99.82094897045658,25.020474849555754,0.17905102954341987,-25.02047484955575,0.0,-1.28802844725405,0.17905102954341987,-25.13110305974935,99.82094897045658,26.4191315070034,c0,25.020474849555754,c2,26.4191315070034
benefit,glucose lab + lactate + nee mcgkgmin,1,992,-25.86206896551724,-25.86206896551724,-25.86206896551724,c0,99.83579638752053,c2,99.83579638752053,99.83579638752053,25.0353222666197,0.16420361247947454,-25.035322266619694,0.0,-1.28802844725405,0.16420361247947454,-25.145950476813294,99.83579638752053,26.433978924067347,c0,25.0353222666197,c2,26.433978924067347
benefit,lactate + mbp + potassium,1,991,-30.52064631956912,-30.52064631956912,-30.52064631956912,c0,100.0,c2,100.0,100.0,25.19952587909917,0.0,-25.19952587909917,0.0,-1.28802844725405,0.0,-25.31015408929277,100.0,26.598182536546815,c0,25.19952587909917,c2,26.598182536546815
benefit,lactate + mbp + sofa,1,988,-28.67513611615245,-28.67513611615245,-28.67513611615245,c0,100.0,c2,100.0,100.0,25.19952587909917,0.0,-25.19952587909917,0.0,-1.28802844725405,0.0,-25.31015408929277,100.0,26.598182536546815,c0,25.19952587909917,c2,26.598182536546815
benefit,lactate + resp rate + sbp,1,985,-29.209302325581397,-29.209302325581397,-29.209302325581397,c0,99.90697674418605,c2,99.90697674418605,99.90697674418605,25.106502623285223,0.09302325581395349,-25.106502623285216,0.0,-1.28802844725405,0.09302325581395349,-25.217130833478816,99.90697674418605,26.50515928073287,c0,25.106502623285223,c2,26.50515928073287
benefit,dbp + glucose lab + nee mcgkgmin,1,970,-26.505016722408023,-26.505016722408023,-26.505016722408023,c0,99.83277591973244,c2,99.83277591973244,99.83277591973244,25.03230179883161,0.16722408026755853,-25.03230179883161,0.0,-1.28802844725405,0.16722408026755853,-25.14293000902521,99.83277591973244,26.430958456279257,c0,25.03230179883161,c2,26.430958456279257
benefit,glucose lab + hemoglobin + urea,1,967,-27.06766917293233,-27.06766917293233,-27.06766917293233,c0,100.0,c2,100.0,100.0,25.19952587909917,0.0,-25.19952587909917,0.0,-1.28802844725405,0.0,-25.31015408929277,100.0,26.598182536546815,c0,25.19952587909917,c2,26.598182536546815
benefit,glucose lab + platelets + urea,1,959,-27.679403541472503,-27.679403541472503,-27.679403541472503,c0,99.90680335507922,c2,99.90680335507922,99.90680335507922,25.10632923417839,0.09319664492078285,-25.106329234178386,0.0,-1.28802844725405,0.09319664492078285,-25.216957444371985,99.90680335507922,26.504985891626035,c0,25.10632923417839,c2,26.504985891626035
benefit,dbp + hemoglobin + temperature,1,957,-25.60975609756097,-25.60975609756097,-25.60975609756097,c0,100.0,c2,100.0,100.0,25.19952587909917,0.0,-25.19952587909917,0.0,-1.28802844725405,0.0,-25.31015408929277,100.0,26.598182536546815,c0,25.19952587909917,c2,26.598182536546815
benefit,mbp + platelets + potassium,1,954,-32.57575757575758,-32.57575757575758,-32.57575757575758,c0,100.0,c2,100.0,100.0,25.19952587909917,0.0,-25.19952587909917,0.0,-1.28802844725405,0.0,-25.31015408929277,100.0,26.598182536546815,c0,25.19952587909917,c2,26.598182536546815
benefit,glucose lab + hemoglobin + sofa,1,949,-28.310940499040303,-28.310940499040303,-28.310940499040303,c0,100.0,c2,100.0,100.0,25.19952587909917,0.0,-25.19952587909917,0.0,-1.28802844725405,0.0,-25.31015408929277,100.0,26.598182536546815,c0,25.19952587909917,c2,26.598182536546815
benefit,glucose lab + platelets + sofa,1,932,-27.80441035474592,-27.80441035474592,-27.80441035474592,c0,100.0,c2,100.0,100.0,25.19952587909917,0.0,-25.19952587909917,0.0,-1.28802844725405,0.0,-25.31015408929277,100.0,26.598182536546815,c0,25.19952587909917,c2,26.598182536546815
benefit,lactate + resp rate + sodium,1,916,-30.85106382978723,-30.85106382978723,-30.85106382978723,c0,99.90328820116055,c2,99.90328820116055,99.90328820116055,25.10281408025972,0.09671179883945842,-25.102814080259712,0.0,-1.28802844725405,0.09671179883945842,-25.21344229045331,99.90328820116055,26.501470737707365,c0,25.10281408025972,c2,26.501470737707365
benefit,lactate + potassium + resp rate,1,909,-31.858407079646017,-31.858407079646017,-31.858407079646017,c0,99.80334316617503,c2,99.80334316617503,99.80334316617503,25.002869045274196,0.19665683382497542,-25.002869045274196,0.0,-1.28802844725405,0.19665683382497542,-25.113497255467795,99.80334316617503,26.40152570272184,c0,25.002869045274196,c2,26.40152570272184
benefit,lactate + resp rate + sofa,1,902,-29.116465863453826,-29.116465863453826,-29.116465863453826,c0,99.8995983935743,c2,99.8995983935743,99.8995983935743,25.099124272673464,0.1004016064257028,-25.099124272673468,0.0,-1.28802844725405,0.1004016064257028,-25.209752482867067,99.8995983935743,26.49778093012111,c0,25.099124272673464,c2,26.49778093012111
benefit,mbp + platelets + urea,1,891,-31.97139938712972,-31.97139938712972,-31.97139938712972,c0,100.0,c2,100.0,100.0,25.19952587909917,0.0,-25.19952587909917,0.0,-1.28802844725405,0.0,-25.31015408929277,100.0,26.598182536546815,c0,25.19952587909917,c2,26.598182536546815
benefit,lactate + resp rate + temperature,1,881,-26.53266331658292,-26.53266331658292,-26.53266331658292,c0,99.89949748743719,c2,99.89949748743719,99.89949748743719,25.099023366536358,0.10050251256281408,-25.099023366536354,0.0,-1.28802844725405,0.10050251256281408,-25.209651576729954,99.89949748743719,26.497680023984003,c0,25.099023366536358,c2,26.497680023984003
benefit,lactate + mbp + urea,1,875,-31.19170984455958,-31.19170984455958,-31.19170984455958,c0,99.79274611398964,c2,99.79274611398964,99.79274611398964,24.992271993088806,0.20725388601036268,-24.992271993088806,0.0,-1.28802844725405,0.20725388601036268,-25.102900203282406,99.79274611398964,26.390928650536452,c0,24.992271993088806,c2,26.390928650536452
benefit,glucose lab + hemoglobin + nee mcgkgmin,1,859,-26.502463054187192,-26.502463054187192,-26.502463054187192,c0,100.0,c2,100.0,100.0,25.19952587909917,0.0,-25.19952587909917,0.0,-1.28802844725405,0.0,-25.31015408929277,100.0,26.598182536546815,c0,25.19952587909917,c2,26.598182536546815
benefit,glucose lab + mbp + sapsii,1,850,-25.56521739130435,-25.56521739130435,-25.56521739130435,c0,99.47826086956522,c2,94.34782608695652,99.47826086956522,24.67778674866439,0.5217391304347827,-24.67778674866439,5.130434782608695,3.8424063353546454,0.5217391304347827,-24.788414958857988,94.34782608695652,20.94600862350333,c0,24.67778674866439,c2,20.94600862350333
benefit,dbp + glucose lab + sapsii,1,850,-24.694589877835952,-24.694589877835952,-24.694589877835952,c0,99.91273996509598,c2,94.9389179755672,99.91273996509598,25.11226584419515,0.08726003490401396,-25.112265844195157,4.973821989528796,3.685793542274746,0.08726003490401396,-25.222894054388757,94.9389179755672,21.53710051211401,c0,25.11226584419515,c2,21.53710051211401
benefit,lactate + sodium + spo2,1,849,-30.5525460455038,-30.5525460455038,-30.5525460455038,c0,99.78354978354979,c2,99.78354978354979,99.78354978354979,24.983075662648957,0.21645021645021645,-24.983075662648954,0.0,-1.28802844725405,0.21645021645021645,-25.093703872842553,99.78354978354979,26.381732320096603,c0,24.983075662648957,c2,26.381732320096603
benefit,lactate + potassium + spo2,1,842,-32.46471226927253,-32.46471226927253,-32.46471226927253,c0,99.7828447339848,c2,99.7828447339848,99.7828447339848,24.982370613083972,0.21715526601520088,-24.98237061308397,0.0,-1.28802844725405,0.21715526601520088,-25.09299882327757,99.7828447339848,26.381027270531618,c0,24.982370613083972,c2,26.381027270531618
benefit,lactate + resp rate + urea,1,841,-30.537634408602155,-30.537634408602155,-30.537634408602155,c0,100.0,c2,100.0,100.0,25.19952587909917,0.0,-25.19952587909917,0.0,-1.28802844725405,0.0,-25.31015408929277,100.0,26.598182536546815,c0,25.19952587909917,c2,26.598182536546815
benefit,lactate + potassium + sbp,1,837,-31.188658669574703,-31.188658669574703,-31.188658669574703,c0,99.89094874591058,c2,99.89094874591058,99.89094874591058,25.090474625009747,0.10905125408942204,-25.090474625009747,0.0,-1.28802844725405,0.10905125408942204,-25.201102835203347,99.89094874591058,26.489131282457393,c0,25.090474625009747,c2,26.489131282457393
benefit,heart rate + mbp + sapsii,1,833,-28.321033210332104,-28.321033210332104,-28.321033210332104,c0,98.70848708487084,c2,94.92619926199262,98.70848708487084,23.90801296397001,1.2915129151291513,-23.90801296397002,3.782287822878229,2.494259375624179,1.2915129151291513,-24.01864117416362,94.92619926199262,21.524381798539437,c0,23.90801296397001,c2,21.524381798539437
benefit,lactate + potassium + urea,1,818,-29.18032786885246,-29.18032786885246,-29.18032786885246,c0,99.78142076502732,c2,99.78142076502732,99.78142076502732,24.98094664412649,0.2185792349726776,-24.980946644126494,0.0,-1.28802844725405,0.2185792349726776,-25.091574854320093,99.78142076502732,26.379603301574136,c0,24.98094664412649,c2,26.379603301574136
benefit,lactate + sodium + urea,1,814,-28.993435448577685,-28.993435448577685,-28.993435448577685,c0,99.78118161925602,c2,99.78118161925602,99.78118161925602,24.980707498355187,0.2188183807439825,-24.980707498355187,0.0,-1.28802844725405,0.2188183807439825,-25.091335708548787,99.78118161925602,26.379364155802833,c0,24.980707498355187,c2,26.379364155802833
benefit,mbp + resp rate + sapsii,1,814,-26.948356807511743,-26.948356807511743,-26.948356807511743,c0,99.24882629107982,c2,94.46009389671362,99.24882629107982,24.448352170178993,0.7511737089201878,-24.448352170178982,4.788732394366197,3.500703947112147,0.7511737089201878,-24.55898038037258,94.46009389671362,21.05827643326043,c0,24.448352170178993,c2,21.05827643326043
benefit,dbp + resp rate + sapsii,1,804,-26.66666666666667,-26.66666666666667,-26.66666666666667,c0,99.04761904761905,c2,94.47619047619048,99.04761904761905,24.24714492671822,0.9523809523809524,-24.247144926718217,4.571428571428571,3.283400124174521,0.9523809523809524,-24.357773136911817,94.47619047619048,21.074373012737297,c0,24.24714492671822,c2,21.074373012737297
benefit,lactate + potassium + sofa,1,725,-29.702970297029708,-29.702970297029708,-29.702970297029708,c0,99.87623762376238,c2,99.87623762376238,99.87623762376238,25.075763502861548,0.12376237623762376,-25.075763502861545,0.0,-1.28802844725405,0.12376237623762376,-25.186391713055144,99.87623762376238,26.474420160309194,c0,25.075763502861548,c2,26.474420160309194
benefit,lactate + sodium + sofa,1,710,-29.808917197452228,-29.808917197452228,-29.808917197452228,c0,99.87261146496816,c2,99.87261146496816,99.87261146496816,25.07213734406733,0.12738853503184713,-25.072137344067322,0.0,-1.28802844725405,0.12738853503184713,-25.18276555426092,99.87261146496816,26.470794001514975,c0,25.07213734406733,c2,26.470794001514975
benefit,glucose lab + lymphocytes abs,1,597,-40.59701492537313,-40.59701492537313,-40.59701492537313,c0,99.85074626865672,c2,99.85074626865672,99.85074626865672,25.05027214775589,0.1492537313432836,-25.050272147755887,0.0,-1.28802844725405,0.1492537313432836,-25.160900357949487,99.85074626865672,26.448928805203536,c0,25.05027214775589,c2,26.448928805203536
harm,alkaline phosphatase + resp rate,2,1590,15.362129957177435,15.1145038167939,15.609756097560972,c1,62.87262872628726,c1,63.143631436314365,37.12737127371274,-37.67310284718809,62.87262872628726,37.67310284718809,0.0,-1.28802844725405,63.143631436314365,37.8334773470216,36.856368563685635,-36.54544889976755,c1,37.67310284718809,c1,37.8334773470216
harm,alkaline phosphatase + ast,1,1704,17.574864997545415,17.574864997545415,17.574864997545415,c1,50.56455571919489,c1,50.8100147275405,49.43544428080511,-25.365029840095723,50.56455571919489,25.365029840095723,0.0,-1.28802844725405,50.8100147275405,25.49986063824773,49.189985272459495,-24.21183219099369,c1,25.365029840095723,c1,25.49986063824773
harm,alkaline phosphatase + alt,1,1695,17.24137931034483,17.24137931034483,17.24137931034483,c1,50.04926108374384,c1,50.29556650246305,49.95073891625616,-24.849735204644674,50.04926108374384,24.849735204644674,0.0,-1.28802844725405,50.29556650246305,24.985412413170284,49.70443349753695,-23.697383965916238,c1,24.849735204644674,c1,24.985412413170284
harm,creatinine + phosphorus,1,1529,16.621983914209114,16.621983914209114,16.621983914209114,c0,52.33243967828418,c2,52.17158176943699,52.33243967828418,-22.46803444261665,47.66756032171582,22.46803444261665,0.05361930294906167,-1.2344091443049883,47.77479892761394,22.464644838321174,52.17158176943699,-21.230235694016194,c1,22.46803444261665,c1,22.464644838321174
harm,creatinine + urea,1,1333,19.01619676064787,19.01619676064787,19.01619676064787,c0,60.467906418716254,c2,60.28794241151769,60.467906418716254,-14.332567702184576,39.532093581283746,14.332567702184576,0.0,-1.28802844725405,39.7120575884823,14.401903499189533,60.28794241151769,-13.113875051935494,c1,14.332567702184576,c1,14.401903499189533
harm,creatinine + sapsii,1,1284,20.39344262295081,20.39344262295081,20.39344262295081,c0,51.60655737704918,c2,51.34426229508197,51.60655737704918,-23.193916743851652,48.39344262295082,23.193916743851652,0.06557377049180328,-1.2224546767622466,48.59016393442623,23.28000984513346,51.34426229508197,-22.057555168371216,c1,23.193916743851652,c1,23.28000984513346
harm,alkaline phosphatase + creatinine,1,1184,19.88430947216197,19.88430947216197,19.88430947216197,c1,57.62834417932032,c1,57.77295733911786,42.371655820679685,-32.428818300221145,57.62834417932032,32.42881830022115,0.0,-1.28802844725405,57.77295733911786,32.462803249825086,42.22704266088214,-31.174774802571044,c1,32.42881830022115,c1,32.462803249825086
harm,alkaline phosphatase + urea,1,1161,20.791366906474824,20.791366906474824,20.791366906474824,c1,52.51798561151079,c1,52.73381294964029,47.482014388489205,-27.318459732411625,52.51798561151079,27.31845973241162,0.0,-1.28802844725405,52.73381294964029,27.42365886034752,47.26618705035971,-26.135630413093473,c1,27.31845973241162,c1,27.42365886034752
harm,creatinine + mbp,1,1150,21.464829586657004,21.464829586657004,21.464829586657004,c1,50.036258158085566,c1,50.10877447425671,49.963741841914434,-24.836732278986396,50.036258158085566,24.836732278986396,0.0,-1.28802844725405,50.10877447425671,24.798620384963943,49.891225525743295,-23.51059193770989,c1,24.836732278986396,c1,24.798620384963943
harm,alkaline phosphatase + phosphorus,1,1147,16.55629139072848,16.55629139072848,16.55629139072848,c1,54.010301692420896,c1,54.15746872700515,45.989698307579104,-28.810775813321726,54.010301692420896,28.810775813321726,0.07358351729212656,-1.2144449299619233,54.15746872700515,28.847314637712383,45.76894775570272,-27.632869707750466,c1,28.810775813321726,c1,28.847314637712383
harm,alkaline phosphatase + ldh,1,1146,19.270833333333336,19.270833333333336,19.270833333333336,c1,57.36607142857143,c1,57.663690476190474,42.63392857142857,-32.16654554947226,57.36607142857143,32.16654554947226,0.0,-1.28802844725405,57.663690476190474,32.3535363868977,42.336309523809526,-31.06550793964366,c1,32.16654554947226,c1,32.3535363868977
harm,creatinine + resp rate,1,1136,17.93154761904762,17.93154761904762,17.93154761904762,c1,58.333333333333336,c1,58.48214285714286,41.66666666666667,-33.13380745423416,58.333333333333336,33.133807454234166,0.0,-1.28802844725405,58.48214285714286,33.171988767850095,41.517857142857146,-31.88396032059604,c1,33.133807454234166,c1,33.171988767850095
harm,creatinine + sofa,1,1038,18.03143093465674,18.03143093465674,18.03143093465674,c1,57.98180314309347,c1,57.98180314309347,42.018196856906535,-32.782277263994295,57.98180314309347,32.7822772639943,0.0,-1.28802844725405,57.98180314309347,32.67164905380071,42.018196856906535,-31.38362060654665,c1,32.7822772639943,c1,32.67164905380071
harm,alkaline phosphatase + mbp,1,1025,21.859296482412056,21.859296482412056,21.859296482412056,c1,55.0251256281407,c1,55.27638190954774,44.9748743718593,-29.82559974904153,55.0251256281407,29.82559974904153,0.08375209380234507,-1.204276353451705,55.27638190954774,29.966227820254968,44.63986599664992,-28.761951466803268,c1,29.82559974904153,c1,29.966227820254968
harm,creatinine + ldh,1,987,16.26916524701874,16.26916524701874,16.26916524701874,c1,56.04770017035775,c1,56.218057921635435,43.95229982964225,-30.84817429125858,56.04770017035775,30.84817429125858,0.0,-1.28802844725405,56.218057921635435,30.907903832342665,43.781942078364565,-29.61987538508862,c1,30.84817429125858,c1,30.907903832342665
harm,alkaline phosphatase + sapsii,1,980,25.863596102745788,25.863596102745788,25.863596102745788,c1,55.97874224977857,c1,56.155890168290526,44.02125775022144,-30.779216370679393,55.97874224977857,30.7792163706794,0.0,-1.28802844725405,56.155890168290526,30.845736078997756,43.844109831709474,-29.55770763174371,c1,30.7792163706794,c1,30.845736078997756
harm,alkaline phosphatase + pt,1,904,21.177587844254507,21.177587844254507,21.177587844254507,c1,55.93542260208927,c1,55.93542260208927,44.06457739791073,-30.7358967229901,55.93542260208927,30.7358967229901,0.0949667616334283,-1.1930616856206218,55.93542260208927,30.6252685127965,43.9696106362773,-29.432206827175882,c1,30.7358967229901,c1,30.6252685127965
harm,alkaline phosphatase + bilirubin total,1,893,22.680412371134015,22.680412371134015,22.680412371134015,c0,57.450796626054355,c2,57.263355201499536,57.450796626054355,-17.349677494846475,42.549203373945645,17.349677494846475,0.0,-1.28802844725405,42.736644798500464,17.426490709207695,57.263355201499536,-16.13846226195365,c1,17.349677494846475,c1,17.426490709207695
harm,creatinine + nee mcgkgmin,1,881,18.365384615384617,18.365384615384617,18.365384615384617,c1,53.17307692307692,c1,53.26923076923077,46.82692307692308,-27.97355104397775,53.17307692307692,27.97355104397775,0.0,-1.28802844725405,53.26923076923077,27.959076679937997,46.73076923076923,-26.67104823268395,c1,27.97355104397775,c1,27.959076679937997
harm,alkaline phosphatase + platelets,1,877,18.701550387596903,18.701550387596903,18.701550387596903,c1,54.360465116279066,c1,54.45736434108527,45.63953488372093,-29.160939237179903,54.360465116279066,29.160939237179896,0.09689922480620156,-1.1911292224478485,54.45736434108527,29.147210251792497,45.445736434108525,-27.95608102934466,c1,29.160939237179896,c1,29.147210251792497
harm,creatinine + pt,1,828,20.326864147088862,20.326864147088862,20.326864147088862,c1,52.65848670756647,c1,52.760736196319016,47.34151329243354,-27.45896082846729,52.65848670756647,27.458960828467298,0.0,-1.28802844725405,52.760736196319016,27.450582107026246,47.239263803680984,-26.1625536597722,c1,27.458960828467298,c1,27.450582107026246
harm,alkaline phosphatase + sofa,1,810,21.06951871657754,21.06951871657754,21.06951871657754,c1,61.9914346895075,c1,61.9914346895075,38.0085653104925,-36.79190881040833,61.9914346895075,36.79190881040833,0.0,-1.28802844725405,61.9914346895075,36.681280600214734,38.0085653104925,-35.393252152960684,c1,36.79190881040833,c1,36.681280600214734
harm,alkaline phosphatase + nee mcgkgmin,1,782,18.73614190687362,18.73614190687362,18.73614190687362,c1,60.6430155210643,c1,60.75388026607539,39.3569844789357,-35.44348964196513,60.6430155210643,35.44348964196513,0.0,-1.28802844725405,60.75388026607539,35.44372617678262,39.24611973392461,-34.155697729528576,c1,35.44348964196513,c1,35.44372617678262
harm,lactate + ldh,1,777,16.31753031973539,16.31753031973539,16.31753031973539,c1,57.99338478500551,c1,58.43439911797134,42.00661521499448,-32.79385890590635,57.99338478500551,32.79385890590634,0.0,-1.28802844725405,58.43439911797134,33.12424502867857,41.56560088202866,-31.836216581424523,c1,32.79385890590634,c1,33.12424502867857
harm,creatinine + dbp,1,759,24.315443592552025,24.315443592552025,24.315443592552025,c0,50.602409638554214,c2,50.602409638554214,50.602409638554214,-24.198064482346616,49.39759036144578,24.19806448234661,0.0,-1.28802844725405,49.39759036144578,24.08743627215301,50.602409638554214,-22.79940782489897,c1,24.19806448234661,c1,24.08743627215301
harm,alkaline phosphatase + any vasopressor,1,719,18.55421686746988,18.55421686746988,18.55421686746988,c1,58.34333733493398,c1,58.463385354141664,41.65666266506602,-33.14381145583481,58.34333733493398,33.14381145583481,0.0,-1.28802844725405,58.463385354141664,33.1532312648489,41.53661464585834,-31.86520281759484,c1,33.14381145583481,c1,33.1532312648489
harm,lactate + urea,1,706,21.02689486552568,21.02689486552568,21.02689486552568,c1,53.66748166259169,c1,53.91198044009779,46.33251833740831,-28.46795578349252,53.66748166259169,28.46795578349252,0.0,-1.28802844725405,53.91198044009779,28.601826350805023,46.0880195599022,-27.313797903550984,c1,28.46795578349252,c1,28.601826350805023
harm,alkaline phosphatase + ck total,1,684,24.30806257521059,24.30806257521059,24.30806257521059,c1,50.06016847172082,c1,50.42117930204573,49.939831528279186,-24.860642592621645,50.06016847172082,24.86064259262165,0.0,-1.28802844725405,50.42117930204573,25.11102521275296,49.57882069795427,-23.822996765498914,c1,24.86064259262165,c1,25.11102521275296
harm,lactate + resp rate,1,659,17.871222076215503,17.871222076215503,17.871222076215503,c1,50.98554533508541,c1,51.379763469119574,49.01445466491459,-25.786019455986242,50.98554533508541,25.786019455986242,0.0,-1.28802844725405,51.379763469119574,26.069609379826804,48.620236530880426,-24.78158093257276,c1,25.786019455986242,c1,26.069609379826804
harm,creatinine + lactate,1,606,23.24037184594953,23.24037184594953,23.24037184594953,c0,75.69721115537848,c2,75.56440903054448,75.69721115537848,0.8967370344776526,24.302788844621514,-0.8967370344776562,0.0,-1.28802844725405,24.43559096945551,-0.8745631198372585,75.56440903054448,2.1625915670912974,c0,0.8967370344776526,c2,2.1625915670912974
harm,creatinine + hemoglobin,1,605,21.79327521793276,21.79327521793276,21.79327521793276,c0,98.87920298879203,c2,98.87920298879203,98.87920298879203,24.0787288678912,1.1207970112079702,-24.0787288678912,0.0,-1.28802844725405,1.1207970112079702,-24.1893570780848,98.87920298879203,25.477385525338846,c0,24.0787288678912,c2,25.477385525338846
harm,alkaline phosphatase + dbp,1,590,21.162444113263785,21.162444113263785,21.162444113263785,c1,61.30952380952381,c1,61.458333333333336,38.69047619047619,-36.10999793042464,61.30952380952381,36.10999793042464,0.1488095238095238,-1.1392189234445262,61.458333333333336,36.14817924404056,38.392857142857146,-35.00896032059604,c1,36.10999793042464,c1,36.14817924404056
harm,creatinine + platelets,1,586,17.63942931258106,17.63942931258106,17.63942931258106,c0,91.69909208819715,c2,91.56939040207523,91.69909208819715,16.898617967296317,8.300907911802852,-16.898617967296317,0.0,-1.28802844725405,8.430609597924773,-16.879544491367994,91.56939040207523,18.167572938622044,c0,16.898617967296317,c2,18.167572938622044
harm,creatinine + spo2,1,548,16.450216450216455,16.450216450216455,16.450216450216455,c0,77.34487734487735,c2,77.2005772005772,77.34487734487735,2.5444032239765164,22.655122655122657,-2.544403223976513,0.0,-1.28802844725405,22.7994227994228,-2.5107312898699696,77.2005772005772,3.7987597371240156,c0,2.5444032239765164,c2,3.7987597371240156
harm,alkaline phosphatase + lactate,1,534,26.605504587155966,26.605504587155966,26.605504587155966,c0,68.65443425076452,c2,68.65443425076452,68.65443425076452,-6.146039870136306,31.345565749235476,6.146039870136306,0.0,-1.28802844725405,31.345565749235476,6.035411659942707,68.65443425076452,-4.747383212688661,c1,6.146039870136306,c1,6.035411659942707
harm,creatinine + heart rate,1,509,16.6412213740458,16.6412213740458,16.6412213740458,c0,72.36641221374046,c2,72.21374045801527,72.36641221374046,-2.4340619071603697,27.633587786259543,2.4340619071603733,0.15267175572519084,-1.135356691528859,27.633587786259543,2.3234336969667737,72.21374045801527,-1.1880770054379184,c1,2.4340619071603733,c1,2.3234336969667737
