code,label,source,mortality_diff_pp_primary,mortality_q_fdr_primary,mortality_robust_primary,n_pairs_primary,outcome,n_pairs,diff_mean,ci_lo,ci_hi,p_perm,stability,subsample_lo,subsample_hi,is_binary,effect_display,ci_lo_display,ci_hi_display,abs_effect_display,q_fdr_global,q_fdr_outcome,secondary_robust
C1_dementia_mean_spo2_mean_high,Cluster 1 | dementia > 0 and spo2 mean > mediana_cluster (97.3),comorb_lab_vital,43.9,0.0085689110207513,False,41,icu_los_hours,41,528.180894308943,238.43419715447155,762.2820121951218,0.0024937655860349127,1.0,402.60890151515156,653.9040404040403,False,+528.181h,+238.434h,+762.282h,528.180894308943,0.005159515005589475,0.003117206982543641,False
C1_dementia_mean_spo2_mean_high,Cluster 1 | dementia > 0 and spo2 mean > mediana_cluster (97.3),comorb_lab_vital,43.9,0.0085689110207513,False,41,vm_time_hours,39,98.32777777777777,47.70570512820513,155.2613568376068,0.0024937655860349127,1.0,65.0467741935484,121.75108870967742,False,+98.328h,+47.706h,+155.261h,98.32777777777777,0.005159515005589475,0.003117206982543641,False
C1_dementia_mean_spo2_mean_high,Cluster 1 | dementia > 0 and spo2 mean > mediana_cluster (97.3),comorb_lab_vital,43.9,0.0085689110207513,False,41,ventilation_hours,41,42.49593495934958,18.443445121951218,72.51183943089428,0.007481296758104738,1.0,30.108712121212115,55.3147095959596,False,+42.496h,+18.443h,+72.512h,42.49593495934958,0.014027431421446383,0.009351620947630923,False
C1_dementia_mean_spo2_mean_high,Cluster 1 | dementia > 0 and spo2 mean > mediana_cluster (97.3),comorb_lab_vital,43.9,0.0085689110207513,False,41,any_vasopressor,41,-0.12195121951219512,-0.2932926829268292,0.07317073170731707,0.3167082294264339,0.985,-0.21212121212121213,-0.030303030303030304,True,-12.20 pp,-29.33 pp,+7.32 pp,12.195121951219512,0.36543257241511606,0.3167082294264339,False
C1_dementia_mean_spo2_mean_high,Cluster 1 | dementia > 0 and spo2 mean > mediana_cluster (97.3),comorb_lab_vital,43.9,0.0085689110207513,False,41,rrt_on,41,-0.07317073170731707,-0.1951219512195122,0.024390243902439025,0.38902743142144636,0.985,-0.12121212121212122,-0.030303030303030304,True,-7.32 pp,-19.51 pp,+2.44 pp,7.317073170731707,0.44040841292993926,0.5361596009975063,False
C1_dementia_mean_spo2_mean_high,Cluster 1 | dementia > 0 and spo2 mean > mediana_cluster (97.3),comorb_lab_vital,43.9,0.0085689110207513,False,41,nee_mcgkgmin_max,41,0.047073170731707324,-0.13404268292682928,0.2744878048780487,0.9351620947630923,0.8,-0.10152272727272726,0.11060606060606061,False,+0.047 mcg/kg/min,-0.134 mcg/kg/min,+0.274 mcg/kg/min,0.047073170731707324,0.951012299759077,0.9351620947630923,False
C1_malignant_cancer_mean_resp_rate_mean_high,Cluster 1 | malignant cancer > 0 and resp rate mean > mediana_cluster (20),comorb_lab_vital,29.69,0.0026267792712422,True,229,icu_los_hours,229,950.5549490538574,812.2606895924308,1121.9461881368265,0.0024937655860349127,1.0,857.7738501821493,1023.2755009107468,False,+950.555h,+812.261h,+1121.946h,950.5549490538574,0.005159515005589475,0.003117206982543641,True
C1_malignant_cancer_mean_resp_rate_mean_high,Cluster 1 | malignant cancer > 0 and resp rate mean > mediana_cluster (20),comorb_lab_vital,29.69,0.0026267792712422,True,229,vm_time_hours,205,159.69357723577235,129.8073211382114,191.92335772357723,0.0024937655860349127,1.0,145.23028963414637,174.67436991869917,False,+159.694h,+129.807h,+191.923h,159.69357723577235,0.005159515005589475,0.003117206982543641,True
C1_malignant_cancer_mean_resp_rate_mean_high,Cluster 1 | malignant cancer > 0 and resp rate mean > mediana_cluster (20),comorb_lab_vital,29.69,0.0026267792712422,True,229,ventilation_hours,229,84.46397379912663,66.6949326783115,105.5393558951965,0.0024937655860349127,1.0,75.28331056466301,94.26527777777778,False,+84.464h,+66.695h,+105.539h,84.46397379912663,0.005159515005589475,0.0035625222657641614,True
C1_malignant_cancer_mean_resp_rate_mean_high,Cluster 1 | malignant cancer > 0 and resp rate mean > mediana_cluster (20),comorb_lab_vital,29.69,0.0026267792712422,True,229,rrt_on,229,0.12663755458515283,0.07423580786026202,0.18351528384279467,0.0024937655860349127,1.0,0.09289617486338798,0.1531420765027323,True,+12.66 pp,+7.42 pp,+18.35 pp,12.663755458515283,0.005159515005589475,0.00831255195344971,True
C1_malignant_cancer_mean_resp_rate_mean_high,Cluster 1 | malignant cancer > 0 and resp rate mean > mediana_cluster (20),comorb_lab_vital,29.69,0.0026267792712422,True,229,any_vasopressor,229,-0.11790393013100436,-0.20098253275109168,-0.034934497816593885,0.012468827930174564,1.0,-0.15846994535519127,-0.07650273224043716,True,-11.79 pp,-20.10 pp,-3.49 pp,11.790393013100436,0.020781379883624274,0.03117206982543641,True
C1_malignant_cancer_mean_resp_rate_mean_high,Cluster 1 | malignant cancer > 0 and resp rate mean > mediana_cluster (20),comorb_lab_vital,29.69,0.0026267792712422,True,229,nee_mcgkgmin_max,229,0.27126637554585153,0.06920960698689957,0.6006855895196503,0.0199501246882793,1.0,0.1544945355191257,0.36019125683060116,False,+0.271 mcg/kg/min,+0.069 mcg/kg/min,+0.601 mcg/kg/min,0.27126637554585153,0.03150019687623048,0.04987531172069826,True
C1_metastatic_solid_tumor_mean_resp_rate_mean_high,Cluster 1 | metastatic solid tumor > 0 and resp rate mean > mediana_cluster (20),comorb_lab_vital,45.65,0.0026267792712422,False,92,icu_los_hours,92,858.6639492753623,640.8659420289854,1120.3749999999998,0.0024937655860349127,1.0,727.3941441441443,954.5187218468469,False,+858.664h,+640.866h,+1120.375h,858.6639492753623,0.005159515005589475,0.003117206982543641,False
C1_metastatic_solid_tumor_mean_resp_rate_mean_high,Cluster 1 | metastatic solid tumor > 0 and resp rate mean > mediana_cluster (20),comorb_lab_vital,45.65,0.0026267792712422,False,92,vm_time_hours,77,149.12077922077918,103.73705086580088,200.90858766233762,0.0024937655860349127,1.0,118.89352822580645,169.21549731182793,False,+149.121h,+103.737h,+200.909h,149.12077922077918,0.005159515005589475,0.003117206982543641,False
C1_metastatic_solid_tumor_mean_resp_rate_mean_high,Cluster 1 | metastatic solid tumor > 0 and resp rate mean > mediana_cluster (20),comorb_lab_vital,45.65,0.0026267792712422,False,92,ventilation_hours,92,61.30797101449275,34.856182065217396,91.74370471014491,0.0024937655860349127,1.0,48.75886824324324,73.88626126126125,False,+61.308h,+34.856h,+91.744h,61.30797101449275,0.005159515005589475,0.0035625222657641614,False
C1_metastatic_solid_tumor_mean_resp_rate_mean_high,Cluster 1 | metastatic solid tumor > 0 and resp rate mean > mediana_cluster (20),comorb_lab_vital,45.65,0.0026267792712422,False,92,rrt_on,92,0.09782608695652174,0.021739130434782608,0.18478260869565216,0.04738154613466334,1.0,0.06722972972972974,0.13513513513513514,True,+9.78 pp,+2.17 pp,+18.48 pp,9.782608695652174,0.06461119927454091,0.07896924355777223,False
C1_metastatic_solid_tumor_mean_resp_rate_mean_high,Cluster 1 | metastatic solid tumor > 0 and resp rate mean > mediana_cluster (20),comorb_lab_vital,45.65,0.0026267792712422,False,92,any_vasopressor,92,-0.09782608695652174,-0.2391304347826087,0.03260869565217391,0.22443890274314215,1.0,-0.16216216216216217,-0.04054054054054054,True,-9.78 pp,-23.91 pp,+3.26 pp,9.782608695652174,0.27482314621609244,0.2805486284289277,False
C1_metastatic_solid_tumor_mean_resp_rate_mean_high,Cluster 1 | metastatic solid tumor > 0 and resp rate mean > mediana_cluster (20),comorb_lab_vital,45.65,0.0026267792712422,False,92,nee_mcgkgmin_max,92,0.08913043478260871,-0.0583695652173913,0.27349999999999997,0.2892768079800499,0.95,-0.006665540540540537,0.14570608108108107,False,+0.089 mcg/kg/min,-0.058 mcg/kg/min,+0.273 mcg/kg/min,0.08913043478260871,0.34032565644711754,0.48212801330008315,False
C1_severe_liver_disease_mean_lactate_max_high_hb9,Cluster 1 | severe liver disease > 0 and lactate max > mediana_cluster (1.8) and hemoglobin_min <= 9,comorb_lab_vital,22.67,0.0026267792712422,False,150,icu_los_hours,150,806.0527777777777,645.9575694444445,998.1846527777775,0.0024937655860349127,1.0,717.9999131944444,893.1683159722222,False,+806.053h,+645.958h,+998.185h,806.0527777777777,0.005159515005589475,0.003117206982543641,True
C1_severe_liver_disease_mean_lactate_max_high_hb9,Cluster 1 | severe liver disease > 0 and lactate max > mediana_cluster (1.8) and hemoglobin_min <= 9,comorb_lab_vital,22.67,0.0026267792712422,False,150,vm_time_hours,137,100.93515815085159,70.64971715328467,138.5322171532846,0.0024937655860349127,1.0,82.50031439393938,115.25598484848486,False,+100.935h,+70.650h,+138.532h,100.93515815085159,0.005159515005589475,0.003117206982543641,True
C1_severe_liver_disease_mean_lactate_max_high_hb9,Cluster 1 | severe liver disease > 0 and lactate max > mediana_cluster (1.8) and hemoglobin_min <= 9,comorb_lab_vital,22.67,0.0026267792712422,False,150,ventilation_hours,150,53.746666666666655,36.85155555555555,71.60941666666666,0.0024937655860349127,1.0,45.08848958333334,62.82637152777777,False,+53.747h,+36.852h,+71.609h,53.746666666666655,0.005159515005589475,0.0035625222657641614,True
C1_severe_liver_disease_mean_lactate_max_high_hb9,Cluster 1 | severe liver disease > 0 and lactate max > mediana_cluster (1.8) and hemoglobin_min <= 9,comorb_lab_vital,22.67,0.0026267792712422,False,150,rrt_on,150,0.32,0.24,0.41333333333333333,0.0024937655860349127,1.0,0.2747916666666667,0.36666666666666664,True,+32.00 pp,+24.00 pp,+41.33 pp,32.0,0.005159515005589475,0.00831255195344971,True
C1_severe_liver_disease_mean_lactate_max_high_hb9,Cluster 1 | severe liver disease > 0 and lactate max > mediana_cluster (1.8) and hemoglobin_min <= 9,comorb_lab_vital,22.67,0.0026267792712422,False,150,nee_mcgkgmin_max,150,0.19406666666666667,0.07207666666666665,0.3501599999999999,0.004987531172069825,1.0,0.09490416666666666,0.2499479166666667,False,+0.194 mcg/kg/min,+0.072 mcg/kg/min,+0.350 mcg/kg/min,0.19406666666666667,0.009653286139489984,0.02493765586034913,True
C1_severe_liver_disease_mean_lactate_max_high_hb9,Cluster 1 | severe liver disease > 0 and lactate max > mediana_cluster (1.8) and hemoglobin_min <= 9,comorb_lab_vital,22.67,0.0026267792712422,False,150,any_vasopressor,150,0.08,-0.02,0.18,0.12468827930174564,1.0,0.041666666666666664,0.125,True,+8.00 pp,-2.00 pp,+18.00 pp,8.0,0.15586034912718205,0.17812611328820807,False
C2_cerebrovascular_disease_mean_dbp_mean_high_hb9,Cluster 2 | cerebrovascular disease > 0 and dbp mean > mediana_cluster (68.6) and hemoglobin_min <= 9,comorb_lab_vital,-26.11,0.0026267792712422,True,203,icu_los_hours,203,403.00287356321843,246.1749281609195,557.3903940886698,0.0024937655860349127,1.0,330.6548353909465,471.03137860082296,False,+403.003h,+246.175h,+557.390h,403.00287356321843,0.005159515005589475,0.003117206982543641,True
C2_cerebrovascular_disease_mean_dbp_mean_high_hb9,Cluster 2 | cerebrovascular disease > 0 and dbp mean > mediana_cluster (68.6) and hemoglobin_min <= 9,comorb_lab_vital,-26.11,0.0026267792712422,True,203,vm_time_hours,180,69.91611111111109,42.67030555555556,101.02156249999999,0.0024937655860349127,1.0,54.58580729166667,81.21971064814815,False,+69.916h,+42.670h,+101.022h,69.91611111111109,0.005159515005589475,0.003117206982543641,True
C2_cerebrovascular_disease_mean_dbp_mean_high_hb9,Cluster 2 | cerebrovascular disease > 0 and dbp mean > mediana_cluster (68.6) and hemoglobin_min <= 9,comorb_lab_vital,-26.11,0.0026267792712422,True,203,ventilation_hours,203,52.327586206896555,31.881598932676514,75.74925082101804,0.0024937655860349127,1.0,41.83103137860083,62.86103395061729,False,+52.328h,+31.882h,+75.749h,52.327586206896555,0.005159515005589475,0.0035625222657641614,True
C2_cerebrovascular_disease_mean_dbp_mean_high_hb9,Cluster 2 | cerebrovascular disease > 0 and dbp mean > mediana_cluster (68.6) and hemoglobin_min <= 9,comorb_lab_vital,-26.11,0.0026267792712422,True,203,any_vasopressor,203,0.054187192118226604,-0.03940886699507389,0.15270935960591134,0.26683291770573564,0.975,0.006018518518518521,0.09876543209876543,True,+5.42 pp,-3.94 pp,+15.27 pp,5.41871921182266,0.3201995012468828,0.2964810196730396,False
C2_cerebrovascular_disease_mean_dbp_mean_high_hb9,Cluster 2 | cerebrovascular disease > 0 and dbp mean > mediana_cluster (68.6) and hemoglobin_min <= 9,comorb_lab_vital,-26.11,0.0026267792712422,True,203,rrt_on,203,0.024630541871921183,-0.029556650246305417,0.0690886699507388,0.428927680798005,0.975,0.006018518518518521,0.04938271604938271,True,+2.46 pp,-2.96 pp,+6.91 pp,2.4630541871921183,0.4765863119977833,0.5361596009975063,False
C2_cerebrovascular_disease_mean_dbp_mean_high_hb9,Cluster 2 | cerebrovascular disease > 0 and dbp mean > mediana_cluster (68.6) and hemoglobin_min <= 9,comorb_lab_vital,-26.11,0.0026267792712422,True,203,nee_mcgkgmin_max,203,-0.025812807881773425,-0.3926133004926109,0.41455418719211795,0.8329177057356608,0.7,-0.2408688271604938,0.1444614197530864,False,-0.026 mcg/kg/min,-0.393 mcg/kg/min,+0.415 mcg/kg/min,0.025812807881773425,0.8924118275739223,0.9351620947630923,False
C2_congestive_heart_failure_mean_dbp_mean_high_hb9,Cluster 2 | congestive heart failure > 0 and dbp mean > mediana_cluster (68.6) and hemoglobin_min <= 9,comorb_lab_vital,-16.31,0.0026267792712422,True,509,icu_los_hours,509,250.5378192534381,166.3087958415193,344.8304682383759,0.0024937655860349127,1.0,204.4588963963964,289.48896908271905,False,+250.538h,+166.309h,+344.830h,250.5378192534381,0.005159515005589475,0.003117206982543641,True
C2_congestive_heart_failure_mean_dbp_mean_high_hb9,Cluster 2 | congestive heart failure > 0 and dbp mean > mediana_cluster (68.6) and hemoglobin_min <= 9,comorb_lab_vital,-16.31,0.0026267792712422,True,509,vm_time_hours,468,36.828383190883194,23.26930644586895,50.297039707977206,0.0024937655860349127,1.0,30.543552807486634,44.204022950089126,False,+36.828h,+23.269h,+50.297h,36.828383190883194,0.005159515005589475,0.003117206982543641,True
C2_congestive_heart_failure_mean_dbp_mean_high_hb9,Cluster 2 | congestive heart failure > 0 and dbp mean > mediana_cluster (68.6) and hemoglobin_min <= 9,comorb_lab_vital,-16.31,0.0026267792712422,True,509,ventilation_hours,509,28.076129666011784,17.49835870988867,38.28182301899148,0.0024937655860349127,1.0,21.805712530712533,32.739373464373465,False,+28.076h,+17.498h,+38.282h,28.076129666011784,0.005159515005589475,0.0035625222657641614,True
C2_congestive_heart_failure_mean_dbp_mean_high_hb9,Cluster 2 | congestive heart failure > 0 and dbp mean > mediana_cluster (68.6) and hemoglobin_min <= 9,comorb_lab_vital,-16.31,0.0026267792712422,True,509,any_vasopressor,509,0.13359528487229863,0.08050098231827113,0.18271119842829076,0.0024937655860349127,1.0,0.1105036855036855,0.15976658476658476,True,+13.36 pp,+8.05 pp,+18.27 pp,13.359528487229863,0.005159515005589475,0.00831255195344971,True
C2_congestive_heart_failure_mean_dbp_mean_high_hb9,Cluster 2 | congestive heart failure > 0 and dbp mean > mediana_cluster (68.6) and hemoglobin_min <= 9,comorb_lab_vital,-16.31,0.0026267792712422,True,509,rrt_on,509,0.0412573673870334,0.007858546168958742,0.07662082514734773,0.00997506234413965,1.0,0.019594594594594596,0.05896805896805897,True,+4.13 pp,+0.79 pp,+7.66 pp,4.12573673870334,0.017100106875667972,0.0199501246882793,True
C2_congestive_heart_failure_mean_dbp_mean_high_hb9,Cluster 2 | congestive heart failure > 0 and dbp mean > mediana_cluster (68.6) and hemoglobin_min <= 9,comorb_lab_vital,-16.31,0.0026267792712422,True,509,nee_mcgkgmin_max,509,-0.009115913555992143,-0.15627259332023577,0.16960166994106077,0.8753117206982544,0.605,-0.09085196560196561,0.06287837837837838,False,-0.009 mcg/kg/min,-0.156 mcg/kg/min,+0.170 mcg/kg/min,0.009115913555992143,0.9213807586297414,0.9351620947630923,False
C2_diabetes_with_cc_mean_dbp_mean_high_hb9,Cluster 2 | diabetes with cc > 0 and dbp mean > mediana_cluster (68.6) and hemoglobin_min <= 9,comorb_lab_vital,-22.28,0.0026267792712422,True,202,vm_time_hours,183,32.10819672131147,9.184002732240439,58.16316256830601,0.017456359102244388,1.0,20.39411529680365,43.41972317351598,False,+32.108h,+9.184h,+58.163h,32.10819672131147,0.028307609354990895,0.01939595455804932,True
C2_diabetes_with_cc_mean_dbp_mean_high_hb9,Cluster 2 | diabetes with cc > 0 and dbp mean > mediana_cluster (68.6) and hemoglobin_min <= 9,comorb_lab_vital,-22.28,0.0026267792712422,True,202,rrt_on,202,0.09405940594059406,0.034653465346534656,0.14368811881188107,0.00997506234413965,1.0,0.06172839506172839,0.12345679012345678,True,+9.41 pp,+3.47 pp,+14.37 pp,9.405940594059405,0.017100106875667972,0.0199501246882793,True
C2_diabetes_with_cc_mean_dbp_mean_high_hb9,Cluster 2 | diabetes with cc > 0 and dbp mean > mediana_cluster (68.6) and hemoglobin_min <= 9,comorb_lab_vital,-22.28,0.0026267792712422,True,202,ventilation_hours,202,21.206683168316832,5.0288675742574265,40.412211221122114,0.022443890274314215,1.0,12.556095679012346,28.738168724279834,False,+21.207h,+5.029h,+40.412h,21.206683168316832,0.03366583541147132,0.02493765586034913,True
C2_diabetes_with_cc_mean_dbp_mean_high_hb9,Cluster 2 | diabetes with cc > 0 and dbp mean > mediana_cluster (68.6) and hemoglobin_min <= 9,comorb_lab_vital,-22.28,0.0026267792712422,True,202,icu_los_hours,202,201.64603960396045,51.175948844884516,385.6810540429042,0.029925187032418952,1.0,112.1323945473251,270.05330504115227,False,+201.646h,+51.176h,+385.681h,201.64603960396045,0.04175607492895667,0.03325020781379884,True
C2_diabetes_with_cc_mean_dbp_mean_high_hb9,Cluster 2 | diabetes with cc > 0 and dbp mean > mediana_cluster (68.6) and hemoglobin_min <= 9,comorb_lab_vital,-22.28,0.0026267792712422,True,202,any_vasopressor,202,0.09405940594059406,0.024628712871287137,0.16349009900990089,0.022443890274314215,1.0,0.05555555555555555,0.13580246913580246,True,+9.41 pp,+2.46 pp,+16.35 pp,9.405940594059405,0.03366583541147132,0.04488778054862843,True
C2_diabetes_with_cc_mean_dbp_mean_high_hb9,Cluster 2 | diabetes with cc > 0 and dbp mean > mediana_cluster (68.6) and hemoglobin_min <= 9,comorb_lab_vital,-22.28,0.0026267792712422,True,202,nee_mcgkgmin_max,202,-0.1551980198019802,-0.434049504950495,0.007232673267326732,0.11471321695760599,1.0,-0.21429783950617284,-0.02440740740740741,False,-0.155 mcg/kg/min,-0.434 mcg/kg/min,+0.007 mcg/kg/min,0.1551980198019802,0.14644240462673105,0.22942643391521197,False
C2_diabetes_without_cc_mean_dbp_mean_high,Cluster 2 | diabetes without cc > 0 and dbp mean > mediana_cluster (68.6),comorb_lab_vital,-16.55,0.0026267792712422,True,695,icu_los_hours,695,121.42745803357313,64.86158573141486,178.6237260191846,0.0024937655860349127,1.0,91.0095923261391,150.0707246702638,False,+121.427h,+64.862h,+178.624h,121.42745803357313,0.005159515005589475,0.003117206982543641,True
C2_diabetes_without_cc_mean_dbp_mean_high,Cluster 2 | diabetes without cc > 0 and dbp mean > mediana_cluster (68.6),comorb_lab_vital,-16.55,0.0026267792712422,True,695,vm_time_hours,578,23.56955017301038,14.021125288350635,35.15360510380623,0.0024937655860349127,1.0,17.922512626262627,28.462937409812408,False,+23.570h,+14.021h,+35.154h,23.56955017301038,0.005159515005589475,0.003117206982543641,True
C2_diabetes_without_cc_mean_dbp_mean_high,Cluster 2 | diabetes without cc > 0 and dbp mean > mediana_cluster (68.6),comorb_lab_vital,-16.55,0.0026267792712422,True,695,ventilation_hours,695,15.3,8.710386690647482,23.21245803357314,0.0024937655860349127,1.0,12.078503447242207,18.749681504796165,False,+15.300h,+8.710h,+23.212h,15.3,0.005159515005589475,0.0035625222657641614,True
C2_diabetes_without_cc_mean_dbp_mean_high,Cluster 2 | diabetes without cc > 0 and dbp mean > mediana_cluster (68.6),comorb_lab_vital,-16.55,0.0026267792712422,True,695,nee_mcgkgmin_max,695,-0.05256115107913669,-0.08270791366906474,-0.020918345323741042,0.00997506234413965,1.0,-0.07053462230215828,-0.03633048561151079,False,-0.053 mcg/kg/min,-0.083 mcg/kg/min,-0.021 mcg/kg/min,0.05256115107913669,0.017100106875667972,0.03325020781379884,True
C2_diabetes_without_cc_mean_dbp_mean_high,Cluster 2 | diabetes without cc > 0 and dbp mean > mediana_cluster (68.6),comorb_lab_vital,-16.55,0.0026267792712422,True,695,any_vasopressor,695,0.04892086330935252,0.004316546762589928,0.09643884892086328,0.06733167082294264,1.0,0.02693345323741007,0.07194244604316546,True,+4.89 pp,+0.43 pp,+9.64 pp,4.892086330935252,0.0878239184647078,0.11221945137157108,False
C2_diabetes_without_cc_mean_dbp_mean_high,Cluster 2 | diabetes without cc > 0 and dbp mean > mediana_cluster (68.6),comorb_lab_vital,-16.55,0.0026267792712422,True,695,rrt_on,695,0.004316546762589928,-0.02014388489208633,0.031654676258992806,0.7880299251870324,0.7,-0.007194244604316547,0.01618705035971223,True,+0.43 pp,-2.01 pp,+3.17 pp,0.4316546762589928,0.8596690092949444,0.8755888057633694,False
C2_diabetes_without_cc_mean_dbp_mean_high_hb9,Cluster 2 | diabetes without cc > 0 and dbp mean > mediana_cluster (68.6) and hemoglobin_min <= 9,comorb_lab_vital,-22.5,0.0026267792712422,True,360,any_vasopressor,360,0.1111111111111111,0.05,0.175,0.0024937655860349127,1.0,0.0798611111111111,0.14609375000000008,True,+11.11 pp,+5.00 pp,+17.50 pp,11.11111111111111,0.005159515005589475,0.00831255195344971,True
C2_diabetes_without_cc_mean_dbp_mean_high_hb9,Cluster 2 | diabetes without cc > 0 and dbp mean > mediana_cluster (68.6) and hemoglobin_min <= 9,comorb_lab_vital,-22.5,0.0026267792712422,True,360,ventilation_hours,360,12.553240740740739,2.6042303240740767,23.433854166666663,0.02493765586034913,1.0,7.139662905092592,17.036682581018518,False,+12.553h,+2.604h,+23.434h,12.553240740740739,0.036494130527340185,0.02493765586034913,True
C2_diabetes_without_cc_mean_dbp_mean_high_hb9,Cluster 2 | diabetes without cc > 0 and dbp mean > mediana_cluster (68.6) and hemoglobin_min <= 9,comorb_lab_vital,-22.5,0.0026267792712422,True,360,nee_mcgkgmin_max,360,-0.06505555555555556,-0.10591666666666666,-0.022263888888888902,0.004987531172069825,1.0,-0.08611892361111109,-0.04820746527777778,False,-0.065 mcg/kg/min,-0.106 mcg/kg/min,-0.022 mcg/kg/min,0.06505555555555556,0.009653286139489984,0.02493765586034913,True
C2_diabetes_without_cc_mean_dbp_mean_high_hb9,Cluster 2 | diabetes without cc > 0 and dbp mean > mediana_cluster (68.6) and hemoglobin_min <= 9,comorb_lab_vital,-22.5,0.0026267792712422,True,360,vm_time_hours,313,17.393130990415337,3.199287806176783,32.22455138445154,0.029925187032418952,1.0,8.966826666666668,24.932370000000002,False,+17.393h,+3.199h,+32.225h,17.393130990415337,0.04175607492895667,0.029925187032418955,True
C2_diabetes_without_cc_mean_dbp_mean_high_hb9,Cluster 2 | diabetes without cc > 0 and dbp mean > mediana_cluster (68.6) and hemoglobin_min <= 9,comorb_lab_vital,-22.5,0.0026267792712422,True,360,icu_los_hours,360,83.18055555555556,8.07554976851853,160.44739583333322,0.04987531172069826,1.0,44.84172453703704,123.45920138888887,False,+83.181h,+8.076h,+160.447h,83.18055555555556,0.06650041562759768,0.04987531172069826,True
C2_diabetes_without_cc_mean_dbp_mean_high_hb9,Cluster 2 | diabetes without cc > 0 and dbp mean > mediana_cluster (68.6) and hemoglobin_min <= 9,comorb_lab_vital,-22.5,0.0026267792712422,True,360,rrt_on,360,0.0,-0.03611111111111111,0.03618055555555549,1.0,0.135,-0.017361111111111112,0.013975694444444464,True,+0.00 pp,-3.61 pp,+3.62 pp,0.0,1.0,1.0,False
C2_renal_disease_mean_dbp_mean_high_hb9,Cluster 2 | renal disease > 0 and dbp mean > mediana_cluster (68.6) and hemoglobin_min <= 9,comorb_lab_vital,-21.18,0.0026267792712422,True,425,icu_los_hours,425,259.20588235294116,168.59997549019607,364.47178921568616,0.0024937655860349127,1.0,210.00419730392161,301.79175857843137,False,+259.206h,+168.600h,+364.472h,259.20588235294116,0.005159515005589475,0.003117206982543641,True
C2_renal_disease_mean_dbp_mean_high_hb9,Cluster 2 | renal disease > 0 and dbp mean > mediana_cluster (68.6) and hemoglobin_min <= 9,comorb_lab_vital,-21.18,0.0026267792712422,True,425,vm_time_hours,372,39.896998207885304,25.498937051971325,54.34347782258065,0.0024937655860349127,1.0,32.529853187919464,47.45661073825503,False,+39.897h,+25.499h,+54.343h,39.896998207885304,0.005159515005589475,0.003117206982543641,True
C2_renal_disease_mean_dbp_mean_high_hb9,Cluster 2 | renal disease > 0 and dbp mean > mediana_cluster (68.6) and hemoglobin_min <= 9,comorb_lab_vital,-21.18,0.0026267792712422,True,425,ventilation_hours,425,24.072549019607845,13.136274509803924,37.53533333333331,0.0024937655860349127,1.0,18.25875,28.96827818627451,False,+24.073h,+13.136h,+37.535h,24.072549019607845,0.005159515005589475,0.0035625222657641614,True
C2_renal_disease_mean_dbp_mean_high_hb9,Cluster 2 | renal disease > 0 and dbp mean > mediana_cluster (68.6) and hemoglobin_min <= 9,comorb_lab_vital,-21.18,0.0026267792712422,True,425,rrt_on,425,0.15764705882352942,0.11294117647058824,0.20470588235294118,0.0024937655860349127,1.0,0.12941176470588237,0.18235294117647058,True,+15.76 pp,+11.29 pp,+20.47 pp,15.764705882352942,0.005159515005589475,0.00831255195344971,True
C2_renal_disease_mean_dbp_mean_high_hb9,Cluster 2 | renal disease > 0 and dbp mean > mediana_cluster (68.6) and hemoglobin_min <= 9,comorb_lab_vital,-21.18,0.0026267792712422,True,425,any_vasopressor,425,0.10588235294117647,0.05411764705882353,0.15770588235294114,0.0024937655860349127,1.0,0.07639705882352942,0.13529411764705881,True,+10.59 pp,+5.41 pp,+15.77 pp,10.588235294117647,0.005159515005589475,0.00831255195344971,True
C2_renal_disease_mean_dbp_mean_high_hb9,Cluster 2 | renal disease > 0 and dbp mean > mediana_cluster (68.6) and hemoglobin_min <= 9,comorb_lab_vital,-21.18,0.0026267792712422,True,425,nee_mcgkgmin_max,425,0.029929411764705878,-0.09336411764705882,0.20508823529411754,0.9226932668329177,0.8,-0.053924264705882345,0.07232058823529415,False,+0.030 mcg/kg/min,-0.093 mcg/kg/min,+0.205 mcg/kg/min,0.029929411764705878,0.951012299759077,0.9351620947630923,False
